Day of Week Ending,Lineage Bin,Modeltype,Usa Or Hhsregion,Variant,95CI,Share
"May 8, 2021",VOC,weighted,USA,B.1.617.2,1.3-2.0%,0.016543869
"May 15, 2021",VOC,weighted,USA,B.1.617.2,1.9-3.0%,0.023899941
"May 22, 2021",VOC,weighted,USA,B.1.617.2,3.1-4.9%,0.039619826
"May 29, 2021",VOC,weighted,USA,B.1.617.2,5.8-9.2%,0.073760077
"June 5, 2021",VOC,weighted,USA,B.1.617.2,11.5-18.3%,0.146696270
"June 12, 2021",VOC,weighted,USA,B.1.617.2,22.1-30.7%,0.262093961
"June 19, 2021",VOC,weighted,USA,B.1.617.2,32.7-42.6%,0.375412554
"June 26, 2021",VOC,weighted,USA,B.1.617.2,50.1-59.7%,0.549372792
"July 3, 2021",VOC,weighted,USA,B.1.617.2,67.2-73.2%,0.702481925
"July 10, 2021",VOC,weighted,USA,B.1.617.2,80.2-84.1%,0.822181225
"July 17, 2021",VOC,weighted,USA,B.1.617.2,86.5-89.6%,0.880941510
"July 24, 2021",VOC,weighted,USA,B.1.617.2,93.8-95.1%,0.944872439
"July 31, 2021",VOC,weighted,USA,B.1.617.2,95.9-97.1%,0.965647161
"August 7, 2021",VOC,weighted,USA,B.1.617.2,96.4-97.9%,0.972076118
"August 14, 2021",VOC,weighted,USA,B.1.617.2,98.5-99.1%,0.987902641
"August 21, 2021",VOC,weighted,USA,B.1.617.2,98.6-99.3%,0.989565611
"August 28, 2021",VOC,weighted,USA,B.1.617.2,97.8-99.1%,0.985473156
"September 4, 2021",VOC,weighted,USA,B.1.617.2,98.8-99.5%,0.991939843
"September 11, 2021",VOC,weighted,USA,B.1.617.2,99.0-99.6%,0.993077457
"September 18, 2021",VOC,weighted,USA,B.1.617.2,98.8-99.5%,0.991659641
"September 25, 2021",VOC,weighted,USA,B.1.617.2,98.9-99.5%,0.992704034
"October 2, 2021",VOC,weighted,USA,B.1.617.2,98.9-99.5%,0.992773533
"October 9, 2021",VOC,weighted,USA,B.1.617.2,98.9-99.4%,0.992009938
"October 16, 2021",VOC,weighted,USA,B.1.617.2,98.8-99.5%,0.991926551
"October 23, 2021",VOC,weighted,USA,B.1.617.2,98.6-99.4%,0.990429580
"October 30, 2021",VOC,weighted,USA,B.1.617.2,98.9-99.5%,0.992463827
"November 6, 2021",VOC,weighted,USA,B.1.617.2,98.1-99.1%,0.987075567
"November 13, 2021",VOC,weighted,USA,B.1.617.2,98.1-99.0%,0.986226916
"November 20, 2021",VOC,weighted,USA,B.1.617.2,97.8-98.9%,0.983981669
"November 27, 2021",VOC,weighted,USA,B.1.617.2,98.6-99.4%,0.990619540
"December 4, 2021",VOC,weighted,USA,B.1.617.2,98.8-99.5%,0.991898894
"December 11, 2021",VOC,weighted,USA,B.1.617.2,89.0-94.8%,0.922839701
"December 18, 2021",VOC,weighted,USA,B.1.617.2,54.0-66.1%,0.601640880
"December 25, 2021",VOC,weighted,USA,B.1.617.2,22.0-34.3%,0.278381765
"May 8, 2021",VOC,weighted,USA,B.1.1.529,NA,0
"May 15, 2021",VOC,weighted,USA,B.1.1.529,NA,0
"May 22, 2021",VOC,weighted,USA,B.1.1.529,NA,0
"May 29, 2021",VOC,weighted,USA,B.1.1.529,NA,0
"June 5, 2021",VOC,weighted,USA,B.1.1.529,NA,0
"June 12, 2021",VOC,weighted,USA,B.1.1.529,NA,0
"June 19, 2021",VOC,weighted,USA,B.1.1.529,NA,0
"June 26, 2021",VOC,weighted,USA,B.1.1.529,NA,0
"July 3, 2021",VOC,weighted,USA,B.1.1.529,NA,0
"July 10, 2021",VOC,weighted,USA,B.1.1.529,NA,0
"July 17, 2021",VOC,weighted,USA,B.1.1.529,NA,0
"July 24, 2021",VOC,weighted,USA,B.1.1.529,NA,0
"July 31, 2021",VOC,weighted,USA,B.1.1.529,NA,0
"August 7, 2021",VOC,weighted,USA,B.1.1.529,NA,0
"August 14, 2021",VOC,weighted,USA,B.1.1.529,NA,0
"August 21, 2021",VOC,weighted,USA,B.1.1.529,NA,0
"August 28, 2021",VOC,weighted,USA,B.1.1.529,NA,0
"September 4, 2021",VOC,weighted,USA,B.1.1.529,NA,0
"September 11, 2021",VOC,weighted,USA,B.1.1.529,NA,0
"September 18, 2021",VOC,weighted,USA,B.1.1.529,NA,0
"September 25, 2021",VOC,weighted,USA,B.1.1.529,NA,0
"October 2, 2021",VOC,weighted,USA,B.1.1.529,NA,0
"October 9, 2021",VOC,weighted,USA,B.1.1.529,NA,0
"October 16, 2021",VOC,weighted,USA,B.1.1.529,NA,0
"October 23, 2021",VOC,weighted,USA,B.1.1.529,NA,0
"October 30, 2021",VOC,weighted,USA,B.1.1.529,NA,0
"November 6, 2021",VOC,weighted,USA,B.1.1.529,NA,0
"November 13, 2021",VOC,weighted,USA,B.1.1.529,NA,0
"November 20, 2021",VOC,weighted,USA,B.1.1.529,NA,0
"November 27, 2021",VOC,weighted,USA,B.1.1.529,0.0-0.1%,0.000652817
"December 4, 2021",VOC,weighted,USA,B.1.1.529,0.4-0.9%,0.006181729
"December 11, 2021",VOC,weighted,USA,B.1.1.529,5.0-10.7%,0.074670404
"December 18, 2021",VOC,weighted,USA,B.1.1.529,33.4-45.6%,0.393910825
"December 25, 2021",VOC,weighted,USA,B.1.1.529,65.1-77.6%,0.716178775
"May 8, 2021",VOC,weighted,1,B.1.617.2,1.1-2.1%,0.015250213
"May 15, 2021",VOC,weighted,1,B.1.617.2,1.4-3.9%,0.024395378
"May 22, 2021",VOC,weighted,1,B.1.617.2,3.0-6.5%,0.044959508
"May 29, 2021",VOC,weighted,1,B.1.617.2,4.1-9.3%,0.063297518
"June 5, 2021",VOC,weighted,1,B.1.617.2,3.8-13.7%,0.077237502
"June 12, 2021",VOC,weighted,1,B.1.617.2,2.8-8.4%,0.051073913
"June 19, 2021",VOC,weighted,1,B.1.617.2,17.5-31.1%,0.238021091
"June 26, 2021",VOC,weighted,1,B.1.617.2,25.8-46.0%,0.353995055
"July 3, 2021",VOC,weighted,1,B.1.617.2,42.1-58.8%,0.504425883
"July 10, 2021",VOC,weighted,1,B.1.617.2,72.2-83.4%,0.781940579
"July 17, 2021",VOC,weighted,1,B.1.617.2,89.3-93.9%,0.917785168
"July 24, 2021",VOC,weighted,1,B.1.617.2,94.2-97.0%,0.957523644
"July 31, 2021",VOC,weighted,1,B.1.617.2,94.8-97.0%,0.960078359
"August 7, 2021",VOC,weighted,1,B.1.617.2,96.8-98.4%,0.976724982
"August 14, 2021",VOC,weighted,1,B.1.617.2,97.9-99.1%,0.985714376
"August 21, 2021",VOC,weighted,1,B.1.617.2,97.8-99.4%,0.987431467
"August 28, 2021",VOC,weighted,1,B.1.617.2,98.3-99.7%,0.991918266
"September 4, 2021",VOC,weighted,1,B.1.617.2,99.1-99.9%,0.996086597
"September 11, 2021",VOC,weighted,1,B.1.617.2,99.7-99.9%,0.998276055
"September 18, 2021",VOC,weighted,1,B.1.617.2,99.6-100.0%,0.998528779
"September 25, 2021",VOC,weighted,1,B.1.617.2,98.8-100.0%,0.997048199
"October 2, 2021",VOC,weighted,1,B.1.617.2,99.2-100.0%,0.997508824
"October 9, 2021",VOC,weighted,1,B.1.617.2,98.8-100.0%,0.997134030
"October 16, 2021",VOC,weighted,1,B.1.617.2,99.3-100.0%,0.997719228
"October 23, 2021",VOC,weighted,1,B.1.617.2,98.4-100.0%,0.996371865
"October 30, 2021",VOC,weighted,1,B.1.617.2,97.9-99.9%,0.993557632
"November 6, 2021",VOC,weighted,1,B.1.617.2,98.9-100.0%,0.997144282
"November 13, 2021",VOC,weighted,1,B.1.617.2,97.7-99.9%,0.992797136
"November 20, 2021",VOC,weighted,1,B.1.617.2,97.5-99.9%,0.992360651
"November 27, 2021",VOC,weighted,1,B.1.617.2,98.4-99.9%,0.995007455
"December 4, 2021",VOC,weighted,1,B.1.617.2,99.3-99.8%,0.996079683
"December 11, 2021",VOC,weighted,1,B.1.617.2,97.7-98.9%,0.983814955
"December 18, 2021",VOC,weighted,1,B.1.617.2,74.2-85.8%,0.804523051
"December 25, 2021",VOC,weighted,1,B.1.617.2,38.1-53.8%,0.458760619
"May 8, 2021",VOC,weighted,1,B.1.1.529,NA,0
"May 15, 2021",VOC,weighted,1,B.1.1.529,NA,0
"May 22, 2021",VOC,weighted,1,B.1.1.529,NA,0
"May 29, 2021",VOC,weighted,1,B.1.1.529,NA,0
"June 5, 2021",VOC,weighted,1,B.1.1.529,NA,0
"June 12, 2021",VOC,weighted,1,B.1.1.529,NA,0
"June 19, 2021",VOC,weighted,1,B.1.1.529,NA,0
"June 26, 2021",VOC,weighted,1,B.1.1.529,NA,0
"July 3, 2021",VOC,weighted,1,B.1.1.529,NA,0
"July 10, 2021",VOC,weighted,1,B.1.1.529,NA,0
"July 17, 2021",VOC,weighted,1,B.1.1.529,NA,0
"July 24, 2021",VOC,weighted,1,B.1.1.529,NA,0
"July 31, 2021",VOC,weighted,1,B.1.1.529,NA,0
"August 7, 2021",VOC,weighted,1,B.1.1.529,NA,0
"August 14, 2021",VOC,weighted,1,B.1.1.529,NA,0
"August 21, 2021",VOC,weighted,1,B.1.1.529,NA,0
"August 28, 2021",VOC,weighted,1,B.1.1.529,NA,0
"September 4, 2021",VOC,weighted,1,B.1.1.529,NA,0
"September 11, 2021",VOC,weighted,1,B.1.1.529,NA,0
"September 18, 2021",VOC,weighted,1,B.1.1.529,NA,0
"September 25, 2021",VOC,weighted,1,B.1.1.529,NA,0
"October 2, 2021",VOC,weighted,1,B.1.1.529,NA,0
"October 9, 2021",VOC,weighted,1,B.1.1.529,NA,0
"October 16, 2021",VOC,weighted,1,B.1.1.529,NA,0
"October 23, 2021",VOC,weighted,1,B.1.1.529,NA,0
"October 30, 2021",VOC,weighted,1,B.1.1.529,NA,0
"November 6, 2021",VOC,weighted,1,B.1.1.529,NA,0
"November 13, 2021",VOC,weighted,1,B.1.1.529,NA,0
"November 20, 2021",VOC,weighted,1,B.1.1.529,NA,0
"November 27, 2021",VOC,weighted,1,B.1.1.529,0.0-0.1%,0.000183622
"December 4, 2021",VOC,weighted,1,B.1.1.529,0.2-0.5%,0.003101730
"December 11, 2021",VOC,weighted,1,B.1.1.529,1.1-2.1%,0.015359348
"December 18, 2021",VOC,weighted,1,B.1.1.529,13.4-25.9%,0.190537274
"December 25, 2021",VOC,weighted,1,B.1.1.529,45.5-61.9%,0.537594914
"May 8, 2021",VOC,weighted,2,B.1.617.2,0.9-3.3%,0.018318878
"May 15, 2021",VOC,weighted,2,B.1.617.2,1.5-5.9%,0.032130063
"May 22, 2021",VOC,weighted,2,B.1.617.2,1.3-8.3%,0.037301101
"May 29, 2021",VOC,weighted,2,B.1.617.2,1.8-16.8%,0.068129063
"June 5, 2021",VOC,weighted,2,B.1.617.2,5.3-28.4%,0.141081929
"June 12, 2021",VOC,weighted,2,B.1.617.2,19.7-36.1%,0.273578763
"June 19, 2021",VOC,weighted,2,B.1.617.2,28.9-48.5%,0.383314013
"June 26, 2021",VOC,weighted,2,B.1.617.2,42.1-71.1%,0.570483029
"July 3, 2021",VOC,weighted,2,B.1.617.2,60.8-80.4%,0.713566184
"July 10, 2021",VOC,weighted,2,B.1.617.2,70.7-90.3%,0.819991887
"July 17, 2021",VOC,weighted,2,B.1.617.2,81.1-90.1%,0.860609353
"July 24, 2021",VOC,weighted,2,B.1.617.2,93.9-96.1%,0.951225042
"July 31, 2021",VOC,weighted,2,B.1.617.2,95.4-98.3%,0.970763266
"August 7, 2021",VOC,weighted,2,B.1.617.2,96.8-98.6%,0.978592098
"August 14, 2021",VOC,weighted,2,B.1.617.2,98.2-99.6%,0.990769625
"August 21, 2021",VOC,weighted,2,B.1.617.2,98.9-99.7%,0.993916333
"August 28, 2021",VOC,weighted,2,B.1.617.2,95.4-99.5%,0.981356442
"September 4, 2021",VOC,weighted,2,B.1.617.2,97.3-99.7%,0.988991976
"September 11, 2021",VOC,weighted,2,B.1.617.2,99.3-99.9%,0.997183740
"September 18, 2021",VOC,weighted,2,B.1.617.2,97.1-99.9%,0.991299272
"September 25, 2021",VOC,weighted,2,B.1.617.2,99.3-99.9%,0.996895075
"October 2, 2021",VOC,weighted,2,B.1.617.2,97.3-99.8%,0.990648806
"October 9, 2021",VOC,weighted,2,B.1.617.2,97.9-99.9%,0.993066967
"October 16, 2021",VOC,weighted,2,B.1.617.2,99.2-99.9%,0.996589363
"October 23, 2021",VOC,weighted,2,B.1.617.2,98.1-99.9%,0.993996143
"October 30, 2021",VOC,weighted,2,B.1.617.2,97.9-99.9%,0.993516624
"November 6, 2021",VOC,weighted,2,B.1.617.2,95.8-99.6%,0.983324885
"November 13, 2021",VOC,weighted,2,B.1.617.2,96.7-99.6%,0.986173391
"November 20, 2021",VOC,weighted,2,B.1.617.2,95.1-99.4%,0.980088234
"November 27, 2021",VOC,weighted,2,B.1.617.2,95.3-99.5%,0.981993854
"December 4, 2021",VOC,weighted,2,B.1.617.2,95.1-99.0%,0.975833833
"December 11, 2021",VOC,weighted,2,B.1.617.2,61.1-92.0%,0.795681596
"December 18, 2021",VOC,weighted,2,B.1.617.2,31.1-59.2%,0.448546797
"December 25, 2021",VOC,weighted,2,B.1.617.2,7.2-28.1%,0.156725585
"May 8, 2021",VOC,weighted,2,B.1.1.529,NA,0
"May 15, 2021",VOC,weighted,2,B.1.1.529,NA,0
"May 22, 2021",VOC,weighted,2,B.1.1.529,NA,0
"May 29, 2021",VOC,weighted,2,B.1.1.529,NA,0
"June 5, 2021",VOC,weighted,2,B.1.1.529,NA,0
"June 12, 2021",VOC,weighted,2,B.1.1.529,NA,0
"June 19, 2021",VOC,weighted,2,B.1.1.529,NA,0
"June 26, 2021",VOC,weighted,2,B.1.1.529,NA,0
"July 3, 2021",VOC,weighted,2,B.1.1.529,NA,0
"July 10, 2021",VOC,weighted,2,B.1.1.529,NA,0
"July 17, 2021",VOC,weighted,2,B.1.1.529,NA,0
"July 24, 2021",VOC,weighted,2,B.1.1.529,NA,0
"July 31, 2021",VOC,weighted,2,B.1.1.529,NA,0
"August 7, 2021",VOC,weighted,2,B.1.1.529,NA,0
"August 14, 2021",VOC,weighted,2,B.1.1.529,NA,0
"August 21, 2021",VOC,weighted,2,B.1.1.529,NA,0
"August 28, 2021",VOC,weighted,2,B.1.1.529,NA,0
"September 4, 2021",VOC,weighted,2,B.1.1.529,NA,0
"September 11, 2021",VOC,weighted,2,B.1.1.529,NA,0
"September 18, 2021",VOC,weighted,2,B.1.1.529,NA,0
"September 25, 2021",VOC,weighted,2,B.1.1.529,NA,0
"October 2, 2021",VOC,weighted,2,B.1.1.529,NA,0
"October 9, 2021",VOC,weighted,2,B.1.1.529,NA,0
"October 16, 2021",VOC,weighted,2,B.1.1.529,NA,0
"October 23, 2021",VOC,weighted,2,B.1.1.529,NA,0
"October 30, 2021",VOC,weighted,2,B.1.1.529,NA,0
"November 6, 2021",VOC,weighted,2,B.1.1.529,NA,0
"November 13, 2021",VOC,weighted,2,B.1.1.529,NA,0
"November 20, 2021",VOC,weighted,2,B.1.1.529,NA,0
"November 27, 2021",VOC,weighted,2,B.1.1.529,0.0-0.6%,0.001901737
"December 4, 2021",VOC,weighted,2,B.1.1.529,1.0-4.1%,0.021300824
"December 11, 2021",VOC,weighted,2,B.1.1.529,7.6-37.6%,0.195021749
"December 18, 2021",VOC,weighted,2,B.1.1.529,40.2-68.7%,0.547399163
"December 25, 2021",VOC,weighted,2,B.1.1.529,70.9-92.6%,0.837942004
"May 8, 2021",VOC,weighted,3,B.1.617.2,0.3-1.3%,0.006842896
"May 15, 2021",VOC,weighted,3,B.1.617.2,0.4-2.0%,0.010177644
"May 22, 2021",VOC,weighted,3,B.1.617.2,1.2-3.7%,0.021737408
"May 29, 2021",VOC,weighted,3,B.1.617.2,1.0-4.4%,0.022946637
"June 5, 2021",VOC,weighted,3,B.1.617.2,3.0-9.1%,0.055105545
"June 12, 2021",VOC,weighted,3,B.1.617.2,4.6-13.8%,0.083604082
"June 19, 2021",VOC,weighted,3,B.1.617.2,9.5-25.7%,0.164587304
"June 26, 2021",VOC,weighted,3,B.1.617.2,22.5-74.0%,0.478104651
"July 3, 2021",VOC,weighted,3,B.1.617.2,50.3-68.5%,0.596736789
"July 10, 2021",VOC,weighted,3,B.1.617.2,61.8-77.4%,0.700267613
"July 17, 2021",VOC,weighted,3,B.1.617.2,80.1-88.4%,0.845858753
"July 24, 2021",VOC,weighted,3,B.1.617.2,90.4-95.3%,0.931886315
"July 31, 2021",VOC,weighted,3,B.1.617.2,97.0-98.3%,0.977046132
"August 7, 2021",VOC,weighted,3,B.1.617.2,97.3-99.0%,0.983076692
"August 14, 2021",VOC,weighted,3,B.1.617.2,98.5-99.5%,0.990779340
"August 21, 2021",VOC,weighted,3,B.1.617.2,98.8-99.8%,0.994065344
"August 28, 2021",VOC,weighted,3,B.1.617.2,98.7-99.7%,0.993627727
"September 4, 2021",VOC,weighted,3,B.1.617.2,99.3-99.9%,0.997077823
"September 11, 2021",VOC,weighted,3,B.1.617.2,99.5-99.9%,0.997375429
"September 18, 2021",VOC,weighted,3,B.1.617.2,99.3-99.9%,0.997051537
"September 25, 2021",VOC,weighted,3,B.1.617.2,98.7-99.9%,0.994878352
"October 2, 2021",VOC,weighted,3,B.1.617.2,98.7-99.9%,0.995065868
"October 9, 2021",VOC,weighted,3,B.1.617.2,98.7-99.8%,0.994673371
"October 16, 2021",VOC,weighted,3,B.1.617.2,98.6-99.8%,0.993575454
"October 23, 2021",VOC,weighted,3,B.1.617.2,98.1-99.8%,0.992644966
"October 30, 2021",VOC,weighted,3,B.1.617.2,98.7-99.9%,0.994791627
"November 6, 2021",VOC,weighted,3,B.1.617.2,96.3-99.6%,0.985876381
"November 13, 2021",VOC,weighted,3,B.1.617.2,97.4-99.7%,0.989680946
"November 20, 2021",VOC,weighted,3,B.1.617.2,96.3-99.6%,0.985886276
"November 27, 2021",VOC,weighted,3,B.1.617.2,96.7-99.8%,0.989362955
"December 4, 2021",VOC,weighted,3,B.1.617.2,97.8-99.6%,0.989618123
"December 11, 2021",VOC,weighted,3,B.1.617.2,94.4-97.9%,0.964701772
"December 18, 2021",VOC,weighted,3,B.1.617.2,52.1-80.5%,0.674813509
"December 25, 2021",VOC,weighted,3,B.1.617.2,24.9-48.5%,0.361227393
"May 8, 2021",VOC,weighted,3,B.1.1.529,NA,0
"May 15, 2021",VOC,weighted,3,B.1.1.529,NA,0
"May 22, 2021",VOC,weighted,3,B.1.1.529,NA,0
"May 29, 2021",VOC,weighted,3,B.1.1.529,NA,0
"June 5, 2021",VOC,weighted,3,B.1.1.529,NA,0
"June 12, 2021",VOC,weighted,3,B.1.1.529,NA,0
"June 19, 2021",VOC,weighted,3,B.1.1.529,NA,0
"June 26, 2021",VOC,weighted,3,B.1.1.529,NA,0
"July 3, 2021",VOC,weighted,3,B.1.1.529,NA,0
"July 10, 2021",VOC,weighted,3,B.1.1.529,NA,0
"July 17, 2021",VOC,weighted,3,B.1.1.529,NA,0
"July 24, 2021",VOC,weighted,3,B.1.1.529,NA,0
"July 31, 2021",VOC,weighted,3,B.1.1.529,NA,0
"August 7, 2021",VOC,weighted,3,B.1.1.529,NA,0
"August 14, 2021",VOC,weighted,3,B.1.1.529,NA,0
"August 21, 2021",VOC,weighted,3,B.1.1.529,NA,0
"August 28, 2021",VOC,weighted,3,B.1.1.529,NA,0
"September 4, 2021",VOC,weighted,3,B.1.1.529,NA,0
"September 11, 2021",VOC,weighted,3,B.1.1.529,NA,0
"September 18, 2021",VOC,weighted,3,B.1.1.529,NA,0
"September 25, 2021",VOC,weighted,3,B.1.1.529,NA,0
"October 2, 2021",VOC,weighted,3,B.1.1.529,NA,0
"October 9, 2021",VOC,weighted,3,B.1.1.529,NA,0
"October 16, 2021",VOC,weighted,3,B.1.1.529,NA,0
"October 23, 2021",VOC,weighted,3,B.1.1.529,NA,0
"October 30, 2021",VOC,weighted,3,B.1.1.529,NA,0
"November 6, 2021",VOC,weighted,3,B.1.1.529,NA,0
"November 13, 2021",VOC,weighted,3,B.1.1.529,NA,0
"November 20, 2021",VOC,weighted,3,B.1.1.529,NA,0
"November 27, 2021",VOC,weighted,3,B.1.1.529,0.0-0.3%,0.000804553
"December 4, 2021",VOC,weighted,3,B.1.1.529,0.3-1.7%,0.007529959
"December 11, 2021",VOC,weighted,3,B.1.1.529,2.0-5.3%,0.033863872
"December 18, 2021",VOC,weighted,3,B.1.1.529,19.0-47.6%,0.321156204
"December 25, 2021",VOC,weighted,3,B.1.1.529,50.7-74.7%,0.632960021
"May 8, 2021",VOC,weighted,4,B.1.617.2,1.1-2.7%,0.017978471
"May 15, 2021",VOC,weighted,4,B.1.617.2,0.6-2.7%,0.013760800
"May 22, 2021",VOC,weighted,4,B.1.617.2,1.2-3.5%,0.021605995
"May 29, 2021",VOC,weighted,4,B.1.617.2,1.7-4.6%,0.028803421
"June 5, 2021",VOC,weighted,4,B.1.617.2,3.8-8.9%,0.059619397
"June 12, 2021",VOC,weighted,4,B.1.617.2,12.3-21.5%,0.165138334
"June 19, 2021",VOC,weighted,4,B.1.617.2,21.2-30.0%,0.254254848
"June 26, 2021",VOC,weighted,4,B.1.617.2,38.3-47.1%,0.426377535
"July 3, 2021",VOC,weighted,4,B.1.617.2,58.9-69.1%,0.641051769
"July 10, 2021",VOC,weighted,4,B.1.617.2,74.1-82.2%,0.783488452
"July 17, 2021",VOC,weighted,4,B.1.617.2,83.2-89.6%,0.866358638
"July 24, 2021",VOC,weighted,4,B.1.617.2,92.2-95.0%,0.937059462
"July 31, 2021",VOC,weighted,4,B.1.617.2,94.3-97.2%,0.959753215
"August 7, 2021",VOC,weighted,4,B.1.617.2,94.8-97.9%,0.965864003
"August 14, 2021",VOC,weighted,4,B.1.617.2,97.6-99.1%,0.984981477
"August 21, 2021",VOC,weighted,4,B.1.617.2,97.5-99.4%,0.986455500
"August 28, 2021",VOC,weighted,4,B.1.617.2,97.1-99.3%,0.984779179
"September 4, 2021",VOC,weighted,4,B.1.617.2,98.0-99.5%,0.989269018
"September 11, 2021",VOC,weighted,4,B.1.617.2,98.2-99.6%,0.990997195
"September 18, 2021",VOC,weighted,4,B.1.617.2,97.7-99.4%,0.987591922
"September 25, 2021",VOC,weighted,4,B.1.617.2,98.1-99.4%,0.988748550
"October 2, 2021",VOC,weighted,4,B.1.617.2,98.2-99.5%,0.989920080
"October 9, 2021",VOC,weighted,4,B.1.617.2,98.0-99.4%,0.988091171
"October 16, 2021",VOC,weighted,4,B.1.617.2,98.0-99.7%,0.991104007
"October 23, 2021",VOC,weighted,4,B.1.617.2,96.8-99.3%,0.984206855
"October 30, 2021",VOC,weighted,4,B.1.617.2,97.5-99.5%,0.987453401
"November 6, 2021",VOC,weighted,4,B.1.617.2,95.9-98.9%,0.977314830
"November 13, 2021",VOC,weighted,4,B.1.617.2,96.8-99.1%,0.982032537
"November 20, 2021",VOC,weighted,4,B.1.617.2,95.9-99.1%,0.979252458
"November 27, 2021",VOC,weighted,4,B.1.617.2,97.9-99.6%,0.990265906
"December 4, 2021",VOC,weighted,4,B.1.617.2,97.7-99.5%,0.988095880
"December 11, 2021",VOC,weighted,4,B.1.617.2,80.5-93.8%,0.882915676
"December 18, 2021",VOC,weighted,4,B.1.617.2,29.3-64.2%,0.464241564
"December 25, 2021",VOC,weighted,4,B.1.617.2,12.3-31.9%,0.209180325
"May 8, 2021",VOC,weighted,4,B.1.1.529,NA,0
"May 15, 2021",VOC,weighted,4,B.1.1.529,NA,0
"May 22, 2021",VOC,weighted,4,B.1.1.529,NA,0
"May 29, 2021",VOC,weighted,4,B.1.1.529,NA,0
"June 5, 2021",VOC,weighted,4,B.1.1.529,NA,0
"June 12, 2021",VOC,weighted,4,B.1.1.529,NA,0
"June 19, 2021",VOC,weighted,4,B.1.1.529,NA,0
"June 26, 2021",VOC,weighted,4,B.1.1.529,NA,0
"July 3, 2021",VOC,weighted,4,B.1.1.529,NA,0
"July 10, 2021",VOC,weighted,4,B.1.1.529,NA,0
"July 17, 2021",VOC,weighted,4,B.1.1.529,NA,0
"July 24, 2021",VOC,weighted,4,B.1.1.529,NA,0
"July 31, 2021",VOC,weighted,4,B.1.1.529,NA,0
"August 7, 2021",VOC,weighted,4,B.1.1.529,NA,0
"August 14, 2021",VOC,weighted,4,B.1.1.529,NA,0
"August 21, 2021",VOC,weighted,4,B.1.1.529,NA,0
"August 28, 2021",VOC,weighted,4,B.1.1.529,NA,0
"September 4, 2021",VOC,weighted,4,B.1.1.529,NA,0
"September 11, 2021",VOC,weighted,4,B.1.1.529,NA,0
"September 18, 2021",VOC,weighted,4,B.1.1.529,NA,0
"September 25, 2021",VOC,weighted,4,B.1.1.529,NA,0
"October 2, 2021",VOC,weighted,4,B.1.1.529,NA,0
"October 9, 2021",VOC,weighted,4,B.1.1.529,NA,0
"October 16, 2021",VOC,weighted,4,B.1.1.529,NA,0
"October 23, 2021",VOC,weighted,4,B.1.1.529,NA,0
"October 30, 2021",VOC,weighted,4,B.1.1.529,NA,0
"November 6, 2021",VOC,weighted,4,B.1.1.529,NA,0
"November 13, 2021",VOC,weighted,4,B.1.1.529,NA,0
"November 20, 2021",VOC,weighted,4,B.1.1.529,NA,0
"November 27, 2021",VOC,weighted,4,B.1.1.529,NA,0
"December 4, 2021",VOC,weighted,4,B.1.1.529,0.4-1.7%,0.008630058
"December 11, 2021",VOC,weighted,4,B.1.1.529,6.2-19.4%,0.116468973
"December 18, 2021",VOC,weighted,4,B.1.1.529,35.1-70.4%,0.530745327
"December 25, 2021",VOC,weighted,4,B.1.1.529,67.4-87.3%,0.785257757
"May 8, 2021",VOC,weighted,5,B.1.617.2,0.6-1.5%,0.009356056
"May 15, 2021",VOC,weighted,5,B.1.617.2,0.9-2.7%,0.016529471
"May 22, 2021",VOC,weighted,5,B.1.617.2,1.5-4.8%,0.028292619
"May 29, 2021",VOC,weighted,5,B.1.617.2,2.7-9.0%,0.052186176
"June 5, 2021",VOC,weighted,5,B.1.617.2,4.6-16.6%,0.094224937
"June 12, 2021",VOC,weighted,5,B.1.617.2,14.2-24.3%,0.188625678
"June 19, 2021",VOC,weighted,5,B.1.617.2,22.8-41.1%,0.314072132
"June 26, 2021",VOC,weighted,5,B.1.617.2,40.6-60.8%,0.507253408
"July 3, 2021",VOC,weighted,5,B.1.617.2,60.7-72.7%,0.668897271
"July 10, 2021",VOC,weighted,5,B.1.617.2,82.9-88.8%,0.860568523
"July 17, 2021",VOC,weighted,5,B.1.617.2,86.2-92.5%,0.896753609
"July 24, 2021",VOC,weighted,5,B.1.617.2,93.3-96.6%,0.951653659
"July 31, 2021",VOC,weighted,5,B.1.617.2,96.6-98.0%,0.973820806
"August 7, 2021",VOC,weighted,5,B.1.617.2,97.4-98.8%,0.982110560
"August 14, 2021",VOC,weighted,5,B.1.617.2,98.6-99.5%,0.991605997
"August 21, 2021",VOC,weighted,5,B.1.617.2,98.5-99.7%,0.992731631
"August 28, 2021",VOC,weighted,5,B.1.617.2,97.6-99.4%,0.986955583
"September 4, 2021",VOC,weighted,5,B.1.617.2,98.8-99.7%,0.993620276
"September 11, 2021",VOC,weighted,5,B.1.617.2,98.8-99.7%,0.993099213
"September 18, 2021",VOC,weighted,5,B.1.617.2,98.6-99.6%,0.992214084
"September 25, 2021",VOC,weighted,5,B.1.617.2,98.8-99.7%,0.993991613
"October 2, 2021",VOC,weighted,5,B.1.617.2,98.7-99.5%,0.991854370
"October 9, 2021",VOC,weighted,5,B.1.617.2,98.8-99.6%,0.992574394
"October 16, 2021",VOC,weighted,5,B.1.617.2,98.7-99.7%,0.992784798
"October 23, 2021",VOC,weighted,5,B.1.617.2,98.2-99.5%,0.990152359
"October 30, 2021",VOC,weighted,5,B.1.617.2,98.6-99.7%,0.993197441
"November 6, 2021",VOC,weighted,5,B.1.617.2,97.4-99.4%,0.986627221
"November 13, 2021",VOC,weighted,5,B.1.617.2,97.0-99.3%,0.984273493
"November 20, 2021",VOC,weighted,5,B.1.617.2,96.7-99.1%,0.982191741
"November 27, 2021",VOC,weighted,5,B.1.617.2,97.9-99.7%,0.991397440
"December 4, 2021",VOC,weighted,5,B.1.617.2,98.7-99.8%,0.994057953
"December 11, 2021",VOC,weighted,5,B.1.617.2,90.0-97.3%,0.944336116
"December 18, 2021",VOC,weighted,5,B.1.617.2,57.9-81.3%,0.705967546
"December 25, 2021",VOC,weighted,5,B.1.617.2,33.8-52.1%,0.427535564
"May 8, 2021",VOC,weighted,5,B.1.1.529,NA,0
"May 15, 2021",VOC,weighted,5,B.1.1.529,NA,0
"May 22, 2021",VOC,weighted,5,B.1.1.529,NA,0
"May 29, 2021",VOC,weighted,5,B.1.1.529,NA,0
"June 5, 2021",VOC,weighted,5,B.1.1.529,NA,0
"June 12, 2021",VOC,weighted,5,B.1.1.529,NA,0
"June 19, 2021",VOC,weighted,5,B.1.1.529,NA,0
"June 26, 2021",VOC,weighted,5,B.1.1.529,NA,0
"July 3, 2021",VOC,weighted,5,B.1.1.529,NA,0
"July 10, 2021",VOC,weighted,5,B.1.1.529,NA,0
"July 17, 2021",VOC,weighted,5,B.1.1.529,NA,0
"July 24, 2021",VOC,weighted,5,B.1.1.529,NA,0
"July 31, 2021",VOC,weighted,5,B.1.1.529,NA,0
"August 7, 2021",VOC,weighted,5,B.1.1.529,NA,0
"August 14, 2021",VOC,weighted,5,B.1.1.529,NA,0
"August 21, 2021",VOC,weighted,5,B.1.1.529,NA,0
"August 28, 2021",VOC,weighted,5,B.1.1.529,NA,0
"September 4, 2021",VOC,weighted,5,B.1.1.529,NA,0
"September 11, 2021",VOC,weighted,5,B.1.1.529,NA,0
"September 18, 2021",VOC,weighted,5,B.1.1.529,NA,0
"September 25, 2021",VOC,weighted,5,B.1.1.529,NA,0
"October 2, 2021",VOC,weighted,5,B.1.1.529,NA,0
"October 9, 2021",VOC,weighted,5,B.1.1.529,NA,0
"October 16, 2021",VOC,weighted,5,B.1.1.529,NA,0
"October 23, 2021",VOC,weighted,5,B.1.1.529,NA,0
"October 30, 2021",VOC,weighted,5,B.1.1.529,NA,0
"November 6, 2021",VOC,weighted,5,B.1.1.529,NA,0
"November 13, 2021",VOC,weighted,5,B.1.1.529,NA,0
"November 20, 2021",VOC,weighted,5,B.1.1.529,NA,0
"November 27, 2021",VOC,weighted,5,B.1.1.529,0.0-0.1%,0.000221806
"December 4, 2021",VOC,weighted,5,B.1.1.529,0.1-0.8%,0.003633756
"December 11, 2021",VOC,weighted,5,B.1.1.529,2.5-9.4%,0.052140780
"December 18, 2021",VOC,weighted,5,B.1.1.529,18.2-41.5%,0.288251400
"December 25, 2021",VOC,weighted,5,B.1.1.529,47.0-65.2%,0.562426746
"May 8, 2021",VOC,weighted,6,B.1.617.2,1.3-3.7%,0.022835724
"May 15, 2021",VOC,weighted,6,B.1.617.2,1.7-4.5%,0.028770978
"May 22, 2021",VOC,weighted,6,B.1.617.2,3.7-8.2%,0.056661427
"May 29, 2021",VOC,weighted,6,B.1.617.2,5.5-10.8%,0.078355104
"June 5, 2021",VOC,weighted,6,B.1.617.2,15.0-22.9%,0.187305704
"June 12, 2021",VOC,weighted,6,B.1.617.2,21.2-37.7%,0.289427847
"June 19, 2021",VOC,weighted,6,B.1.617.2,29.6-47.3%,0.381815493
"June 26, 2021",VOC,weighted,6,B.1.617.2,49.0-59.7%,0.543817401
"July 3, 2021",VOC,weighted,6,B.1.617.2,64.2-74.3%,0.694300711
"July 10, 2021",VOC,weighted,6,B.1.617.2,77.4-85.8%,0.819209874
"July 17, 2021",VOC,weighted,6,B.1.617.2,80.8-88.5%,0.849433661
"July 24, 2021",VOC,weighted,6,B.1.617.2,91.8-96.1%,0.942103863
"July 31, 2021",VOC,weighted,6,B.1.617.2,95.9-97.3%,0.966663957
"August 7, 2021",VOC,weighted,6,B.1.617.2,94.3-97.7%,0.963076890
"August 14, 2021",VOC,weighted,6,B.1.617.2,98.0-99.0%,0.985912442
"August 21, 2021",VOC,weighted,6,B.1.617.2,97.4-99.4%,0.986684799
"August 28, 2021",VOC,weighted,6,B.1.617.2,93.8-99.1%,0.973274291
"September 4, 2021",VOC,weighted,6,B.1.617.2,97.5-99.7%,0.989211738
"September 11, 2021",VOC,weighted,6,B.1.617.2,97.4-99.6%,0.988675714
"September 18, 2021",VOC,weighted,6,B.1.617.2,97.1-99.4%,0.985701740
"September 25, 2021",VOC,weighted,6,B.1.617.2,97.0-99.7%,0.988191903
"October 2, 2021",VOC,weighted,6,B.1.617.2,96.4-99.6%,0.985505104
"October 9, 2021",VOC,weighted,6,B.1.617.2,97.5-99.6%,0.988636136
"October 16, 2021",VOC,weighted,6,B.1.617.2,95.9-99.5%,0.982885301
"October 23, 2021",VOC,weighted,6,B.1.617.2,94.8-99.6%,0.982083142
"October 30, 2021",VOC,weighted,6,B.1.617.2,96.4-99.6%,0.985272348
"November 6, 2021",VOC,weighted,6,B.1.617.2,93.9-99.3%,0.975597143
"November 13, 2021",VOC,weighted,6,B.1.617.2,95.1-99.2%,0.977279544
"November 20, 2021",VOC,weighted,6,B.1.617.2,94.7-99.0%,0.974933863
"November 27, 2021",VOC,weighted,6,B.1.617.2,96.3-99.6%,0.985414803
"December 4, 2021",VOC,weighted,6,B.1.617.2,95.4-99.5%,0.982234299
"December 11, 2021",VOC,weighted,6,B.1.617.2,65.7-88.8%,0.789373875
"December 18, 2021",VOC,weighted,6,B.1.617.2,21.8-58.9%,0.391761333
"December 25, 2021",VOC,weighted,6,B.1.617.2,5.4-29.2%,0.144868881
"May 8, 2021",VOC,weighted,6,B.1.1.529,NA,0
"May 15, 2021",VOC,weighted,6,B.1.1.529,NA,0
"May 22, 2021",VOC,weighted,6,B.1.1.529,NA,0
"May 29, 2021",VOC,weighted,6,B.1.1.529,NA,0
"June 5, 2021",VOC,weighted,6,B.1.1.529,NA,0
"June 12, 2021",VOC,weighted,6,B.1.1.529,NA,0
"June 19, 2021",VOC,weighted,6,B.1.1.529,NA,0
"June 26, 2021",VOC,weighted,6,B.1.1.529,NA,0
"July 3, 2021",VOC,weighted,6,B.1.1.529,NA,0
"July 10, 2021",VOC,weighted,6,B.1.1.529,NA,0
"July 17, 2021",VOC,weighted,6,B.1.1.529,NA,0
"July 24, 2021",VOC,weighted,6,B.1.1.529,NA,0
"July 31, 2021",VOC,weighted,6,B.1.1.529,NA,0
"August 7, 2021",VOC,weighted,6,B.1.1.529,NA,0
"August 14, 2021",VOC,weighted,6,B.1.1.529,NA,0
"August 21, 2021",VOC,weighted,6,B.1.1.529,NA,0
"August 28, 2021",VOC,weighted,6,B.1.1.529,NA,0
"September 4, 2021",VOC,weighted,6,B.1.1.529,NA,0
"September 11, 2021",VOC,weighted,6,B.1.1.529,NA,0
"September 18, 2021",VOC,weighted,6,B.1.1.529,NA,0
"September 25, 2021",VOC,weighted,6,B.1.1.529,NA,0
"October 2, 2021",VOC,weighted,6,B.1.1.529,NA,0
"October 9, 2021",VOC,weighted,6,B.1.1.529,NA,0
"October 16, 2021",VOC,weighted,6,B.1.1.529,NA,0
"October 23, 2021",VOC,weighted,6,B.1.1.529,NA,0
"October 30, 2021",VOC,weighted,6,B.1.1.529,NA,0
"November 6, 2021",VOC,weighted,6,B.1.1.529,NA,0
"November 13, 2021",VOC,weighted,6,B.1.1.529,NA,0
"November 20, 2021",VOC,weighted,6,B.1.1.529,NA,0
"November 27, 2021",VOC,weighted,6,B.1.1.529,NA,0
"December 4, 2021",VOC,weighted,6,B.1.1.529,0.4-4.1%,0.015395503
"December 11, 2021",VOC,weighted,6,B.1.1.529,11.1-34.2%,0.209612608
"December 18, 2021",VOC,weighted,6,B.1.1.529,41.0-77.7%,0.604084194
"December 25, 2021",VOC,weighted,6,B.1.1.529,69.8-94.3%,0.848313630
"May 8, 2021",VOC,weighted,7,B.1.617.2,0.1-2.7%,0.006451495
"May 15, 2021",VOC,weighted,7,B.1.617.2,0.7-7.3%,0.027666166
"May 22, 2021",VOC,weighted,7,B.1.617.2,5.4-30.2%,0.148530886
"May 29, 2021",VOC,weighted,7,B.1.617.2,7.8-47.1%,0.234191492
"June 5, 2021",VOC,weighted,7,B.1.617.2,31.3-61.8%,0.462788016
"June 12, 2021",VOC,weighted,7,B.1.617.2,62.5-79.9%,0.717874289
"June 19, 2021",VOC,weighted,7,B.1.617.2,62.9-89.7%,0.784821153
"June 26, 2021",VOC,weighted,7,B.1.617.2,73.1-96.1%,0.877869725
"July 3, 2021",VOC,weighted,7,B.1.617.2,85.9-98.2%,0.939983606
"July 10, 2021",VOC,weighted,7,B.1.617.2,92.6-97.7%,0.956869960
"July 17, 2021",VOC,weighted,7,B.1.617.2,92.7-98.7%,0.965939164
"July 24, 2021",VOC,weighted,7,B.1.617.2,96.2-99.0%,0.979019880
"July 31, 2021",VOC,weighted,7,B.1.617.2,95.4-99.0%,0.976560473
"August 7, 2021",VOC,weighted,7,B.1.617.2,93.8-99.6%,0.979178905
"August 14, 2021",VOC,weighted,7,B.1.617.2,99.0-100.0%,0.998428285
"August 21, 2021",VOC,weighted,7,B.1.617.2,96.3-99.8%,0.988985121
"August 28, 2021",VOC,weighted,7,B.1.617.2,96.5-99.5%,0.984871566
"September 4, 2021",VOC,weighted,7,B.1.617.2,98.6-99.9%,0.994633198
"September 11, 2021",VOC,weighted,7,B.1.617.2,98.1-99.7%,0.991068602
"September 18, 2021",VOC,weighted,7,B.1.617.2,98.6-99.9%,0.995421529
"September 25, 2021",VOC,weighted,7,B.1.617.2,96.6-99.8%,0.989704609
"October 2, 2021",VOC,weighted,7,B.1.617.2,98.6-99.9%,0.995421171
"October 9, 2021",VOC,weighted,7,B.1.617.2,98.5-99.9%,0.994304836
"October 16, 2021",VOC,weighted,7,B.1.617.2,97.3-99.9%,0.992998660
"October 23, 2021",VOC,weighted,7,B.1.617.2,96.8-99.6%,0.987037778
"October 30, 2021",VOC,weighted,7,B.1.617.2,98.9-99.9%,0.995635509
"November 6, 2021",VOC,weighted,7,B.1.617.2,97.5-99.6%,0.989129782
"November 13, 2021",VOC,weighted,7,B.1.617.2,95.8-99.6%,0.984519184
"November 20, 2021",VOC,weighted,7,B.1.617.2,95.8-99.3%,0.980734408
"November 27, 2021",VOC,weighted,7,B.1.617.2,96.9-99.7%,0.987890720
"December 4, 2021",VOC,weighted,7,B.1.617.2,98.8-100.0%,0.997090638
"December 11, 2021",VOC,weighted,7,B.1.617.2,97.2-99.6%,0.987342775
"December 18, 2021",VOC,weighted,7,B.1.617.2,84.7-96.0%,0.915672183
"December 25, 2021",VOC,weighted,7,B.1.617.2,62.6-80.3%,0.720949292
"May 8, 2021",VOC,weighted,7,B.1.1.529,NA,0
"May 15, 2021",VOC,weighted,7,B.1.1.529,NA,0
"May 22, 2021",VOC,weighted,7,B.1.1.529,NA,0
"May 29, 2021",VOC,weighted,7,B.1.1.529,NA,0
"June 5, 2021",VOC,weighted,7,B.1.1.529,NA,0
"June 12, 2021",VOC,weighted,7,B.1.1.529,NA,0
"June 19, 2021",VOC,weighted,7,B.1.1.529,NA,0
"June 26, 2021",VOC,weighted,7,B.1.1.529,NA,0
"July 3, 2021",VOC,weighted,7,B.1.1.529,NA,0
"July 10, 2021",VOC,weighted,7,B.1.1.529,NA,0
"July 17, 2021",VOC,weighted,7,B.1.1.529,NA,0
"July 24, 2021",VOC,weighted,7,B.1.1.529,NA,0
"July 31, 2021",VOC,weighted,7,B.1.1.529,NA,0
"August 7, 2021",VOC,weighted,7,B.1.1.529,NA,0
"August 14, 2021",VOC,weighted,7,B.1.1.529,NA,0
"August 21, 2021",VOC,weighted,7,B.1.1.529,NA,0
"August 28, 2021",VOC,weighted,7,B.1.1.529,NA,0
"September 4, 2021",VOC,weighted,7,B.1.1.529,NA,0
"September 11, 2021",VOC,weighted,7,B.1.1.529,NA,0
"September 18, 2021",VOC,weighted,7,B.1.1.529,NA,0
"September 25, 2021",VOC,weighted,7,B.1.1.529,NA,0
"October 2, 2021",VOC,weighted,7,B.1.1.529,NA,0
"October 9, 2021",VOC,weighted,7,B.1.1.529,NA,0
"October 16, 2021",VOC,weighted,7,B.1.1.529,NA,0
"October 23, 2021",VOC,weighted,7,B.1.1.529,NA,0
"October 30, 2021",VOC,weighted,7,B.1.1.529,NA,0
"November 6, 2021",VOC,weighted,7,B.1.1.529,NA,0
"November 13, 2021",VOC,weighted,7,B.1.1.529,NA,0
"November 20, 2021",VOC,weighted,7,B.1.1.529,NA,0
"November 27, 2021",VOC,weighted,7,B.1.1.529,0.0-0.7%,0.001270619
"December 4, 2021",VOC,weighted,7,B.1.1.529,0.0-0.6%,0.000968425
"December 11, 2021",VOC,weighted,7,B.1.1.529,0.4-2.3%,0.010730076
"December 18, 2021",VOC,weighted,7,B.1.1.529,3.7-14.0%,0.077494532
"December 25, 2021",VOC,weighted,7,B.1.1.529,19.6-36.4%,0.274261177
"May 8, 2021",VOC,weighted,8,B.1.617.2,1.9-4.9%,0.031348601
"May 15, 2021",VOC,weighted,8,B.1.617.2,4.4-10.8%,0.071656674
"May 22, 2021",VOC,weighted,8,B.1.617.2,6.1-11.1%,0.083307095
"May 29, 2021",VOC,weighted,8,B.1.617.2,16.1-29.3%,0.221992910
"June 5, 2021",VOC,weighted,8,B.1.617.2,24.4-42.2%,0.328557134
"June 12, 2021",VOC,weighted,8,B.1.617.2,41.5-62.3%,0.519556701
"June 19, 2021",VOC,weighted,8,B.1.617.2,47.1-73.0%,0.606264889
"June 26, 2021",VOC,weighted,8,B.1.617.2,66.0-86.2%,0.772275209
"July 3, 2021",VOC,weighted,8,B.1.617.2,81.1-90.2%,0.860932231
"July 10, 2021",VOC,weighted,8,B.1.617.2,83.5-89.9%,0.869454563
"July 17, 2021",VOC,weighted,8,B.1.617.2,90.0-95.5%,0.931185782
"July 24, 2021",VOC,weighted,8,B.1.617.2,94.8-97.3%,0.961881161
"July 31, 2021",VOC,weighted,8,B.1.617.2,95.7-97.9%,0.968935311
"August 7, 2021",VOC,weighted,8,B.1.617.2,97.2-99.3%,0.985085011
"August 14, 2021",VOC,weighted,8,B.1.617.2,96.7-99.3%,0.982984960
"August 21, 2021",VOC,weighted,8,B.1.617.2,99.1-99.9%,0.996798873
"August 28, 2021",VOC,weighted,8,B.1.617.2,97.7-99.9%,0.992676973
"September 4, 2021",VOC,weighted,8,B.1.617.2,97.6-99.8%,0.991451144
"September 11, 2021",VOC,weighted,8,B.1.617.2,98.3-99.9%,0.993894756
"September 18, 2021",VOC,weighted,8,B.1.617.2,98.5-99.8%,0.994160473
"September 25, 2021",VOC,weighted,8,B.1.617.2,98.6-99.9%,0.994841874
"October 2, 2021",VOC,weighted,8,B.1.617.2,99.3-100.0%,0.997989058
"October 9, 2021",VOC,weighted,8,B.1.617.2,97.9-99.9%,0.993086457
"October 16, 2021",VOC,weighted,8,B.1.617.2,98.8-99.9%,0.995268762
"October 23, 2021",VOC,weighted,8,B.1.617.2,98.0-99.9%,0.993547022
"October 30, 2021",VOC,weighted,8,B.1.617.2,98.6-100.0%,0.996910155
"November 6, 2021",VOC,weighted,8,B.1.617.2,97.4-99.9%,0.993086457
"November 13, 2021",VOC,weighted,8,B.1.617.2,96.4-99.9%,0.990344405
"November 20, 2021",VOC,weighted,8,B.1.617.2,95.8-99.9%,0.990523279
"November 27, 2021",VOC,weighted,8,B.1.617.2,99.0-99.8%,0.994856179
"December 4, 2021",VOC,weighted,8,B.1.617.2,99.2-99.9%,0.996823609
"December 11, 2021",VOC,weighted,8,B.1.617.2,95.9-98.8%,0.976325929
"December 18, 2021",VOC,weighted,8,B.1.617.2,7.4-94.2%,0.521358490
"December 25, 2021",VOC,weighted,8,B.1.617.2,7.0-91.5%,0.481576711
"May 8, 2021",VOC,weighted,8,B.1.1.529,NA,0
"May 15, 2021",VOC,weighted,8,B.1.1.529,NA,0
"May 22, 2021",VOC,weighted,8,B.1.1.529,NA,0
"May 29, 2021",VOC,weighted,8,B.1.1.529,NA,0
"June 5, 2021",VOC,weighted,8,B.1.1.529,NA,0
"June 12, 2021",VOC,weighted,8,B.1.1.529,NA,0
"June 19, 2021",VOC,weighted,8,B.1.1.529,NA,0
"June 26, 2021",VOC,weighted,8,B.1.1.529,NA,0
"July 3, 2021",VOC,weighted,8,B.1.1.529,NA,0
"July 10, 2021",VOC,weighted,8,B.1.1.529,NA,0
"July 17, 2021",VOC,weighted,8,B.1.1.529,NA,0
"July 24, 2021",VOC,weighted,8,B.1.1.529,NA,0
"July 31, 2021",VOC,weighted,8,B.1.1.529,NA,0
"August 7, 2021",VOC,weighted,8,B.1.1.529,NA,0
"August 14, 2021",VOC,weighted,8,B.1.1.529,NA,0
"August 21, 2021",VOC,weighted,8,B.1.1.529,NA,0
"August 28, 2021",VOC,weighted,8,B.1.1.529,NA,0
"September 4, 2021",VOC,weighted,8,B.1.1.529,NA,0
"September 11, 2021",VOC,weighted,8,B.1.1.529,NA,0
"September 18, 2021",VOC,weighted,8,B.1.1.529,NA,0
"September 25, 2021",VOC,weighted,8,B.1.1.529,NA,0
"October 2, 2021",VOC,weighted,8,B.1.1.529,NA,0
"October 9, 2021",VOC,weighted,8,B.1.1.529,NA,0
"October 16, 2021",VOC,weighted,8,B.1.1.529,NA,0
"October 23, 2021",VOC,weighted,8,B.1.1.529,NA,0
"October 30, 2021",VOC,weighted,8,B.1.1.529,NA,0
"November 6, 2021",VOC,weighted,8,B.1.1.529,NA,0
"November 13, 2021",VOC,weighted,8,B.1.1.529,NA,0
"November 20, 2021",VOC,weighted,8,B.1.1.529,NA,0
"November 27, 2021",VOC,weighted,8,B.1.1.529,0.1-1.0%,0.003522994
"December 4, 2021",VOC,weighted,8,B.1.1.529,0.1-0.7%,0.002920043
"December 11, 2021",VOC,weighted,8,B.1.1.529,1.0-4.2%,0.022292765
"December 18, 2021",VOC,weighted,8,B.1.1.529,5.7-92.5%,0.476006478
"December 25, 2021",VOC,weighted,8,B.1.1.529,8.3-92.8%,0.513236105
"May 8, 2021",VOC,weighted,9,B.1.617.2,1.5-5.3%,0.029714052
"May 15, 2021",VOC,weighted,9,B.1.617.2,2.4-5.0%,0.035096720
"May 22, 2021",VOC,weighted,9,B.1.617.2,2.1-5.9%,0.036515374
"May 29, 2021",VOC,weighted,9,B.1.617.2,8.2-14.9%,0.112316675
"June 5, 2021",VOC,weighted,9,B.1.617.2,12.6-30.6%,0.205851883
"June 12, 2021",VOC,weighted,9,B.1.617.2,20.7-38.9%,0.292167932
"June 19, 2021",VOC,weighted,9,B.1.617.2,37.9-51.7%,0.447073519
"June 26, 2021",VOC,weighted,9,B.1.617.2,51.7-68.7%,0.604328871
"July 3, 2021",VOC,weighted,9,B.1.617.2,65.2-79.4%,0.727681696
"July 10, 2021",VOC,weighted,9,B.1.617.2,80.4-87.4%,0.841694653
"July 17, 2021",VOC,weighted,9,B.1.617.2,88.0-91.5%,0.898463726
"July 24, 2021",VOC,weighted,9,B.1.617.2,93.9-95.8%,0.949414968
"July 31, 2021",VOC,weighted,9,B.1.617.2,95.8-97.4%,0.966328084
"August 7, 2021",VOC,weighted,9,B.1.617.2,95.7-98.9%,0.977075636
"August 14, 2021",VOC,weighted,9,B.1.617.2,98.5-99.3%,0.989894390
"August 21, 2021",VOC,weighted,9,B.1.617.2,98.5-99.6%,0.992061436
"August 28, 2021",VOC,weighted,9,B.1.617.2,96.7-99.9%,0.990147114
"September 4, 2021",VOC,weighted,9,B.1.617.2,98.0-99.8%,0.992360055
"September 11, 2021",VOC,weighted,9,B.1.617.2,99.1-99.8%,0.995873809
"September 18, 2021",VOC,weighted,9,B.1.617.2,98.6-99.9%,0.995758951
"September 25, 2021",VOC,weighted,9,B.1.617.2,97.5-100.0%,0.994646192
"October 2, 2021",VOC,weighted,9,B.1.617.2,98.8-100.0%,0.996851325
"October 9, 2021",VOC,weighted,9,B.1.617.2,97.5-99.8%,0.991109431
"October 16, 2021",VOC,weighted,9,B.1.617.2,95.2-99.9%,0.987610340
"October 23, 2021",VOC,weighted,9,B.1.617.2,97.0-99.9%,0.992678106
"October 30, 2021",VOC,weighted,9,B.1.617.2,96.5-99.9%,0.992047310
"November 6, 2021",VOC,weighted,9,B.1.617.2,95.4-99.9%,0.989202201
"November 13, 2021",VOC,weighted,9,B.1.617.2,95.6-99.9%,0.987843037
"November 20, 2021",VOC,weighted,9,B.1.617.2,95.0-99.9%,0.986629784
"November 27, 2021",VOC,weighted,9,B.1.617.2,97.5-99.9%,0.992979825
"December 4, 2021",VOC,weighted,9,B.1.617.2,99.5-99.9%,0.997723699
"December 11, 2021",VOC,weighted,9,B.1.617.2,94.3-97.5%,0.961122811
"December 18, 2021",VOC,weighted,9,B.1.617.2,48.3-77.0%,0.635122061
"December 25, 2021",VOC,weighted,9,B.1.617.2,11.0-32.3%,0.201635838
"May 8, 2021",VOC,weighted,9,B.1.1.529,NA,0
"May 15, 2021",VOC,weighted,9,B.1.1.529,NA,0
"May 22, 2021",VOC,weighted,9,B.1.1.529,NA,0
"May 29, 2021",VOC,weighted,9,B.1.1.529,NA,0
"June 5, 2021",VOC,weighted,9,B.1.1.529,NA,0
"June 12, 2021",VOC,weighted,9,B.1.1.529,NA,0
"June 19, 2021",VOC,weighted,9,B.1.1.529,NA,0
"June 26, 2021",VOC,weighted,9,B.1.1.529,NA,0
"July 3, 2021",VOC,weighted,9,B.1.1.529,NA,0
"July 10, 2021",VOC,weighted,9,B.1.1.529,NA,0
"July 17, 2021",VOC,weighted,9,B.1.1.529,NA,0
"July 24, 2021",VOC,weighted,9,B.1.1.529,NA,0
"July 31, 2021",VOC,weighted,9,B.1.1.529,NA,0
"August 7, 2021",VOC,weighted,9,B.1.1.529,NA,0
"August 14, 2021",VOC,weighted,9,B.1.1.529,NA,0
"August 21, 2021",VOC,weighted,9,B.1.1.529,NA,0
"August 28, 2021",VOC,weighted,9,B.1.1.529,NA,0
"September 4, 2021",VOC,weighted,9,B.1.1.529,NA,0
"September 11, 2021",VOC,weighted,9,B.1.1.529,NA,0
"September 18, 2021",VOC,weighted,9,B.1.1.529,NA,0
"September 25, 2021",VOC,weighted,9,B.1.1.529,NA,0
"October 2, 2021",VOC,weighted,9,B.1.1.529,NA,0
"October 9, 2021",VOC,weighted,9,B.1.1.529,NA,0
"October 16, 2021",VOC,weighted,9,B.1.1.529,NA,0
"October 23, 2021",VOC,weighted,9,B.1.1.529,NA,0
"October 30, 2021",VOC,weighted,9,B.1.1.529,NA,0
"November 6, 2021",VOC,weighted,9,B.1.1.529,NA,0
"November 13, 2021",VOC,weighted,9,B.1.1.529,NA,0
"November 20, 2021",VOC,weighted,9,B.1.1.529,NA,0
"November 27, 2021",VOC,weighted,9,B.1.1.529,0.0-0.1%,0.000167855
"December 4, 2021",VOC,weighted,9,B.1.1.529,0.1-0.3%,0.001697526
"December 11, 2021",VOC,weighted,9,B.1.1.529,2.4-5.6%,0.037819453
"December 18, 2021",VOC,weighted,9,B.1.1.529,22.6-51.8%,0.363124549
"December 25, 2021",VOC,weighted,9,B.1.1.529,67.6-88.9%,0.797298074
"May 8, 2021",VOC,weighted,10,B.1.617.2,0.3-4.6%,0.015012517
"May 15, 2021",VOC,weighted,10,B.1.617.2,0.4-6.0%,0.021061784
"May 22, 2021",VOC,weighted,10,B.1.617.2,0.7-7.8%,0.029490124
"May 29, 2021",VOC,weighted,10,B.1.617.2,2.2-7.8%,0.044036042
"June 5, 2021",VOC,weighted,10,B.1.617.2,4.4-16.2%,0.090844579
"June 12, 2021",VOC,weighted,10,B.1.617.2,4.6-27.4%,0.130965322
"June 19, 2021",VOC,weighted,10,B.1.617.2,10.1-32.7%,0.196383998
"June 26, 2021",VOC,weighted,10,B.1.617.2,17.3-55.4%,0.345354259
"July 3, 2021",VOC,weighted,10,B.1.617.2,42.9-65.4%,0.543101549
"July 10, 2021",VOC,weighted,10,B.1.617.2,64.4-83.7%,0.749345899
"July 17, 2021",VOC,weighted,10,B.1.617.2,79.7-90.8%,0.859495580
"July 24, 2021",VOC,weighted,10,B.1.617.2,90.6-93.8%,0.923364222
"July 31, 2021",VOC,weighted,10,B.1.617.2,94.9-97.2%,0.961758077
"August 7, 2021",VOC,weighted,10,B.1.617.2,96.7-98.4%,0.976787806
"August 14, 2021",VOC,weighted,10,B.1.617.2,98.5-99.2%,0.989019334
"August 21, 2021",VOC,weighted,10,B.1.617.2,98.8-99.4%,0.991273165
"August 28, 2021",VOC,weighted,10,B.1.617.2,98.8-99.8%,0.994326472
"September 4, 2021",VOC,weighted,10,B.1.617.2,99.6-100.0%,0.998584628
"September 11, 2021",VOC,weighted,10,B.1.617.2,98.8-99.8%,0.995034993
"September 18, 2021",VOC,weighted,10,B.1.617.2,98.7-99.9%,0.994846702
"September 25, 2021",VOC,weighted,10,B.1.617.2,99.4-100.0%,0.997964025
"October 2, 2021",VOC,weighted,10,B.1.617.2,99.2-99.9%,0.996874273
"October 9, 2021",VOC,weighted,10,B.1.617.2,98.7-99.9%,0.995353341
"October 16, 2021",VOC,weighted,10,B.1.617.2,98.7-99.9%,0.995944381
"October 23, 2021",VOC,weighted,10,B.1.617.2,98.6-100.0%,0.996771157
"October 30, 2021",VOC,weighted,10,B.1.617.2,98.5-99.9%,0.994840324
"November 6, 2021",VOC,weighted,10,B.1.617.2,99.5-100.0%,0.998657405
"November 13, 2021",VOC,weighted,10,B.1.617.2,97.2-99.9%,0.992340863
"November 20, 2021",VOC,weighted,10,B.1.617.2,97.9-99.9%,0.992972672
"November 27, 2021",VOC,weighted,10,B.1.617.2,98.1-100.0%,0.996748030
"December 4, 2021",VOC,weighted,10,B.1.617.2,99.6-100.0%,0.999373853
"December 11, 2021",VOC,weighted,10,B.1.617.2,75.7-97.5%,0.901405752
"December 18, 2021",VOC,weighted,10,B.1.617.2,35.2-80.2%,0.590760946
"December 25, 2021",VOC,weighted,10,B.1.617.2,13.2-49.4%,0.288778305
"May 8, 2021",VOC,weighted,10,B.1.1.529,NA,0
"May 15, 2021",VOC,weighted,10,B.1.1.529,NA,0
"May 22, 2021",VOC,weighted,10,B.1.1.529,NA,0
"May 29, 2021",VOC,weighted,10,B.1.1.529,NA,0
"June 5, 2021",VOC,weighted,10,B.1.1.529,NA,0
"June 12, 2021",VOC,weighted,10,B.1.1.529,NA,0
"June 19, 2021",VOC,weighted,10,B.1.1.529,NA,0
"June 26, 2021",VOC,weighted,10,B.1.1.529,NA,0
"July 3, 2021",VOC,weighted,10,B.1.1.529,NA,0
"July 10, 2021",VOC,weighted,10,B.1.1.529,NA,0
"July 17, 2021",VOC,weighted,10,B.1.1.529,NA,0
"July 24, 2021",VOC,weighted,10,B.1.1.529,NA,0
"July 31, 2021",VOC,weighted,10,B.1.1.529,NA,0
"August 7, 2021",VOC,weighted,10,B.1.1.529,NA,0
"August 14, 2021",VOC,weighted,10,B.1.1.529,NA,0
"August 21, 2021",VOC,weighted,10,B.1.1.529,NA,0
"August 28, 2021",VOC,weighted,10,B.1.1.529,NA,0
"September 4, 2021",VOC,weighted,10,B.1.1.529,NA,0
"September 11, 2021",VOC,weighted,10,B.1.1.529,NA,0
"September 18, 2021",VOC,weighted,10,B.1.1.529,NA,0
"September 25, 2021",VOC,weighted,10,B.1.1.529,NA,0
"October 2, 2021",VOC,weighted,10,B.1.1.529,NA,0
"October 9, 2021",VOC,weighted,10,B.1.1.529,NA,0
"October 16, 2021",VOC,weighted,10,B.1.1.529,NA,0
"October 23, 2021",VOC,weighted,10,B.1.1.529,NA,0
"October 30, 2021",VOC,weighted,10,B.1.1.529,NA,0
"November 6, 2021",VOC,weighted,10,B.1.1.529,NA,0
"November 13, 2021",VOC,weighted,10,B.1.1.529,NA,0
"November 20, 2021",VOC,weighted,10,B.1.1.529,NA,0
"November 27, 2021",VOC,weighted,10,B.1.1.529,NA,0
"December 4, 2021",VOC,weighted,10,B.1.1.529,NA,0
"December 11, 2021",VOC,weighted,10,B.1.1.529,2.5-24.3%,0.098594271
"December 18, 2021",VOC,weighted,10,B.1.1.529,19.3-64.7%,0.404597998
"December 25, 2021",VOC,weighted,10,B.1.1.529,50.1-86.9%,0.709625065
"January 1, 2022",VOC,smoothed,USA,B.1.617.2,5.0-11.4%,0.076646022
"January 8, 2022",VOC,smoothed,USA,B.1.617.2,0.9-3.0%,0.016978966
"January 1, 2022",VOC,smoothed,USA,B.1.1.529,88.4-94.9%,0.922642946
"January 8, 2022",VOC,smoothed,USA,B.1.1.529,96.9-99.1%,0.982864261
"January 1, 2022",VOC,smoothed,1,B.1.617.2,11.1-21.7%,0.157299787
"January 8, 2022",VOC,smoothed,1,B.1.617.2,2.2-5.7%,0.035949655
"January 1, 2022",VOC,smoothed,1,B.1.1.529,78.2-88.8%,0.841882944
"January 8, 2022",VOC,smoothed,1,B.1.1.529,94.2-97.8%,0.963862538
"January 1, 2022",VOC,smoothed,2,B.1.617.2,1.7-6.4%,0.034120355
"January 8, 2022",VOC,smoothed,2,B.1.617.2,0.3-1.5%,0.007004633
"January 1, 2022",VOC,smoothed,2,B.1.1.529,93.5-98.2%,0.965477884
"January 8, 2022",VOC,smoothed,2,B.1.1.529,98.5-99.7%,0.992912412
"January 1, 2022",VOC,smoothed,3,B.1.617.2,6.3-15.7%,0.100900061
"January 8, 2022",VOC,smoothed,3,B.1.617.2,1.2-3.9%,0.021924378
"January 1, 2022",VOC,smoothed,3,B.1.1.529,84.2-93.7%,0.898405492
"January 8, 2022",VOC,smoothed,3,B.1.1.529,96.1-98.8%,0.977923870
"January 1, 2022",VOC,smoothed,4,B.1.617.2,2.4-8.3%,0.045630135
"January 8, 2022",VOC,smoothed,4,B.1.617.2,0.5-1.9%,0.009458760
"January 1, 2022",VOC,smoothed,4,B.1.1.529,91.6-97.6%,0.953755736
"January 8, 2022",VOC,smoothed,4,B.1.1.529,98.1-99.5%,0.990413189
"January 1, 2022",VOC,smoothed,5,B.1.617.2,7.7-17.3%,0.117128745
"January 8, 2022",VOC,smoothed,5,B.1.617.2,1.5-4.3%,0.025826789
"January 1, 2022",VOC,smoothed,5,B.1.1.529,82.5-92.2%,0.881689370
"January 8, 2022",VOC,smoothed,5,B.1.1.529,95.7-98.4%,0.973911166
"January 1, 2022",VOC,smoothed,6,B.1.617.2,1.4-6.5%,0.031009741
"January 8, 2022",VOC,smoothed,6,B.1.617.2,0.3-1.5%,0.006350439
"January 1, 2022",VOC,smoothed,6,B.1.1.529,93.4-98.6%,0.968464017
"January 8, 2022",VOC,smoothed,6,B.1.1.529,98.5-99.7%,0.993541181
"January 1, 2022",VOC,smoothed,7,B.1.617.2,27.1-44.3%,0.352652073
"January 8, 2022",VOC,smoothed,7,B.1.617.2,6.5-14.6%,0.098435834
"January 1, 2022",VOC,smoothed,7,B.1.1.529,55.5-72.5%,0.644100666
"January 8, 2022",VOC,smoothed,7,B.1.1.529,85.4-93.4%,0.900652707
"January 1, 2022",VOC,smoothed,8,B.1.617.2,1.0-70.7%,0.200995088
"January 8, 2022",VOC,smoothed,8,B.1.617.2,0.1-30.0%,0.047868881
"January 1, 2022",VOC,smoothed,8,B.1.1.529,29.0-99.0%,0.797814906
"January 8, 2022",VOC,smoothed,8,B.1.1.529,69.8-99.9%,0.951846123
"January 1, 2022",VOC,smoothed,9,B.1.617.2,3.2-14.0%,0.069617130
"January 8, 2022",VOC,smoothed,9,B.1.617.2,0.6-3.5%,0.014723705
"January 1, 2022",VOC,smoothed,9,B.1.1.529,85.8-96.8%,0.929843068
"January 8, 2022",VOC,smoothed,9,B.1.1.529,96.5-99.4%,0.985161483
"January 1, 2022",VOC,smoothed,10,B.1.617.2,3.0-15.1%,0.071527861
"January 8, 2022",VOC,smoothed,10,B.1.617.2,0.6-3.6%,0.015149564
"January 1, 2022",VOC,smoothed,10,B.1.1.529,84.8-96.9%,0.928150415
"January 8, 2022",VOC,smoothed,10,B.1.1.529,96.4-99.4%,0.984781921
"May 8, 2021",Other,weighted,USA,Other*,98.0-98.7%,0.983456135
"May 15, 2021",Other,weighted,USA,Other*,97.0-98.1%,0.976100087
"May 22, 2021",Other,weighted,USA,Other*,95.1-96.9%,0.960380197
"May 29, 2021",Other,weighted,USA,Other*,90.8-94.2%,0.926239908
"June 5, 2021",Other,weighted,USA,Other*,81.7-88.5%,0.853303730
"June 12, 2021",Other,weighted,USA,Other*,69.3-77.9%,0.737906039
"June 19, 2021",Other,weighted,USA,Other*,57.4-67.3%,0.624587417
"June 26, 2021",Other,weighted,USA,Other*,40.3-49.9%,0.450627208
"July 3, 2021",Other,weighted,USA,Other*,26.8-32.8%,0.297518045
"July 10, 2021",Other,weighted,USA,Other*,15.9-19.8%,0.177818760
"July 17, 2021",Other,weighted,USA,Other*,10.4-13.5%,0.119058497
"July 24, 2021",Other,weighted,USA,Other*,4.9-6.2%,0.055127587
"July 31, 2021",Other,weighted,USA,Other*,2.9-4.1%,0.034352813
"August 7, 2021",Other,weighted,USA,Other*,2.1-3.6%,0.027923886
"August 14, 2021",Other,weighted,USA,Other*,0.9-1.5%,0.012097345
"August 21, 2021",Other,weighted,USA,Other*,0.7-1.4%,0.010434415
"August 28, 2021",Other,weighted,USA,Other*,0.9-2.2%,0.014526841
"September 4, 2021",Other,weighted,USA,Other*,0.5-1.2%,0.008060134
"September 11, 2021",Other,weighted,USA,Other*,0.4-1.0%,0.006922529
"September 18, 2021",Other,weighted,USA,Other*,0.5-1.2%,0.008340346
"September 25, 2021",Other,weighted,USA,Other*,0.5-1.1%,0.007295938
"October 2, 2021",Other,weighted,USA,Other*,0.5-1.1%,0.007226469
"October 9, 2021",Other,weighted,USA,Other*,0.6-1.1%,0.007990085
"October 16, 2021",Other,weighted,USA,Other*,0.5-1.2%,0.008073432
"October 23, 2021",Other,weighted,USA,Other*,0.6-1.4%,0.009570429
"October 30, 2021",Other,weighted,USA,Other*,0.5-1.1%,0.007536151
"November 6, 2021",Other,weighted,USA,Other*,0.9-1.9%,0.012924414
"November 13, 2021",Other,weighted,USA,Other*,1.0-1.9%,0.013773104
"November 20, 2021",Other,weighted,USA,Other*,1.1-2.2%,0.016018355
"November 27, 2021",Other,weighted,USA,Other*,0.6-1.3%,0.008727627
"December 4, 2021",Other,weighted,USA,Other*,0.1-0.3%,0.001919387
"December 11, 2021",Other,weighted,USA,Other*,0.1-0.4%,0.002489883
"December 18, 2021",Other,weighted,USA,Other*,0.3-0.6%,0.004448323
"December 25, 2021",Other,weighted,USA,Other*,0.4-0.8%,0.005439490
"May 8, 2021",Other,weighted,1,Other*,97.9-98.9%,0.984749794
"May 15, 2021",Other,weighted,1,Other*,96.1-98.6%,0.975604594
"May 22, 2021",Other,weighted,1,Other*,93.5-97.0%,0.955040514
"May 29, 2021",Other,weighted,1,Other*,90.7-95.9%,0.936702490
"June 5, 2021",Other,weighted,1,Other*,86.3-96.2%,0.922762513
"June 12, 2021",Other,weighted,1,Other*,91.6-97.2%,0.948926091
"June 19, 2021",Other,weighted,1,Other*,68.9-82.5%,0.761978924
"June 26, 2021",Other,weighted,1,Other*,54.0-74.2%,0.646004915
"July 3, 2021",Other,weighted,1,Other*,41.2-57.9%,0.495574117
"July 10, 2021",Other,weighted,1,Other*,16.6-27.8%,0.218059435
"July 17, 2021",Other,weighted,1,Other*,6.1-10.7%,0.082214817
"July 24, 2021",Other,weighted,1,Other*,3.0-5.8%,0.042476345
"July 31, 2021",Other,weighted,1,Other*,3.0-5.2%,0.039921667
"August 7, 2021",Other,weighted,1,Other*,1.6-3.2%,0.023275031
"August 14, 2021",Other,weighted,1,Other*,0.9-2.1%,0.014285616
"August 21, 2021",Other,weighted,1,Other*,0.6-2.2%,0.012568508
"August 28, 2021",Other,weighted,1,Other*,0.3-1.7%,0.008081731
"September 4, 2021",Other,weighted,1,Other*,0.1-0.9%,0.003913424
"September 11, 2021",Other,weighted,1,Other*,0.1-0.3%,0.001723969
"September 18, 2021",Other,weighted,1,Other*,0.0-0.4%,0.001471202
"September 25, 2021",Other,weighted,1,Other*,0.0-1.2%,0.002951812
"October 2, 2021",Other,weighted,1,Other*,0.0-0.8%,0.002491197
"October 9, 2021",Other,weighted,1,Other*,0.0-1.2%,0.002865942
"October 16, 2021",Other,weighted,1,Other*,0.0-0.7%,0.002280759
"October 23, 2021",Other,weighted,1,Other*,0.0-1.6%,0.003628157
"October 30, 2021",Other,weighted,1,Other*,0.1-2.1%,0.006442364
"November 6, 2021",Other,weighted,1,Other*,0.0-1.1%,0.002855740
"November 13, 2021",Other,weighted,1,Other*,0.1-2.3%,0.007202869
"November 20, 2021",Other,weighted,1,Other*,0.1-2.5%,0.007639348
"November 27, 2021",Other,weighted,1,Other*,0.1-1.6%,0.004808907
"December 4, 2021",Other,weighted,1,Other*,0.0-0.4%,0.000818577
"December 11, 2021",Other,weighted,1,Other*,0.0-0.3%,0.000825685
"December 18, 2021",Other,weighted,1,Other*,0.1-1.5%,0.004939674
"December 25, 2021",Other,weighted,1,Other*,0.0-1.5%,0.003644507
"May 8, 2021",Other,weighted,2,Other*,96.7-99.1%,0.981681108
"May 15, 2021",Other,weighted,2,Other*,94.1-98.5%,0.967869937
"May 22, 2021",Other,weighted,2,Other*,91.7-98.7%,0.962698877
"May 29, 2021",Other,weighted,2,Other*,83.2-98.2%,0.931870937
"June 5, 2021",Other,weighted,2,Other*,71.6-94.7%,0.858918071
"June 12, 2021",Other,weighted,2,Other*,63.9-80.3%,0.726421237
"June 19, 2021",Other,weighted,2,Other*,51.5-71.1%,0.616685987
"June 26, 2021",Other,weighted,2,Other*,28.9-57.9%,0.429516941
"July 3, 2021",Other,weighted,2,Other*,19.6-39.2%,0.286433816
"July 10, 2021",Other,weighted,2,Other*,9.7-29.3%,0.180008113
"July 17, 2021",Other,weighted,2,Other*,9.9-18.9%,0.139390647
"July 24, 2021",Other,weighted,2,Other*,3.9-6.1%,0.048774954
"July 31, 2021",Other,weighted,2,Other*,1.7-4.6%,0.029236754
"August 7, 2021",Other,weighted,2,Other*,1.4-3.2%,0.021407915
"August 14, 2021",Other,weighted,2,Other*,0.4-1.8%,0.009230390
"August 21, 2021",Other,weighted,2,Other*,0.3-1.1%,0.006083650
"August 28, 2021",Other,weighted,2,Other*,0.5-4.6%,0.018643539
"September 4, 2021",Other,weighted,2,Other*,0.3-2.7%,0.011008040
"September 11, 2021",Other,weighted,2,Other*,0.1-0.7%,0.002816261
"September 18, 2021",Other,weighted,2,Other*,0.1-2.9%,0.008700713
"September 25, 2021",Other,weighted,2,Other*,0.1-0.7%,0.003104943
"October 2, 2021",Other,weighted,2,Other*,0.2-2.7%,0.009351188
"October 9, 2021",Other,weighted,2,Other*,0.1-2.1%,0.006933032
"October 16, 2021",Other,weighted,2,Other*,0.1-0.8%,0.003410612
"October 23, 2021",Other,weighted,2,Other*,0.1-1.9%,0.006003886
"October 30, 2021",Other,weighted,2,Other*,0.1-2.1%,0.006483390
"November 6, 2021",Other,weighted,2,Other*,0.4-4.2%,0.016675128
"November 13, 2021",Other,weighted,2,Other*,0.4-3.3%,0.013826622
"November 20, 2021",Other,weighted,2,Other*,0.6-4.9%,0.019911788
"November 27, 2021",Other,weighted,2,Other*,0.4-4.4%,0.016104436
"December 4, 2021",Other,weighted,2,Other*,0.0-1.0%,0.002865318
"December 11, 2021",Other,weighted,2,Other*,0.5-1.6%,0.009296666
"December 18, 2021",Other,weighted,2,Other*,0.1-1.1%,0.004054035
"December 25, 2021",Other,weighted,2,Other*,0.1-1.7%,0.005332422
"May 8, 2021",Other,weighted,3,Other*,98.7-99.7%,0.993157089
"May 15, 2021",Other,weighted,3,Other*,98.0-99.6%,0.989822328
"May 22, 2021",Other,weighted,3,Other*,96.3-98.8%,0.978262603
"May 29, 2021",Other,weighted,3,Other*,95.6-99.0%,0.977053344
"June 5, 2021",Other,weighted,3,Other*,90.9-97.0%,0.944894433
"June 12, 2021",Other,weighted,3,Other*,86.2-95.4%,0.916395903
"June 19, 2021",Other,weighted,3,Other*,74.3-90.5%,0.835412681
"June 26, 2021",Other,weighted,3,Other*,26.0-77.5%,0.521895349
"July 3, 2021",Other,weighted,3,Other*,31.5-49.7%,0.403263241
"July 10, 2021",Other,weighted,3,Other*,22.6-38.2%,0.299732387
"July 17, 2021",Other,weighted,3,Other*,11.6-19.9%,0.154141232
"July 24, 2021",Other,weighted,3,Other*,4.7-9.6%,0.068113670
"July 31, 2021",Other,weighted,3,Other*,1.7-3.0%,0.022953883
"August 7, 2021",Other,weighted,3,Other*,1.0-2.7%,0.016923295
"August 14, 2021",Other,weighted,3,Other*,0.5-1.5%,0.009220676
"August 21, 2021",Other,weighted,3,Other*,0.2-1.2%,0.005934664
"August 28, 2021",Other,weighted,3,Other*,0.3-1.3%,0.006372267
"September 4, 2021",Other,weighted,3,Other*,0.1-0.7%,0.002922189
"September 11, 2021",Other,weighted,3,Other*,0.1-0.5%,0.002624566
"September 18, 2021",Other,weighted,3,Other*,0.1-0.7%,0.002948433
"September 25, 2021",Other,weighted,3,Other*,0.1-1.3%,0.005121626
"October 2, 2021",Other,weighted,3,Other*,0.1-1.3%,0.004934153
"October 9, 2021",Other,weighted,3,Other*,0.2-1.3%,0.005326626
"October 16, 2021",Other,weighted,3,Other*,0.2-1.4%,0.006424570
"October 23, 2021",Other,weighted,3,Other*,0.2-1.9%,0.007355028
"October 30, 2021",Other,weighted,3,Other*,0.1-1.3%,0.005208361
"November 6, 2021",Other,weighted,3,Other*,0.4-3.7%,0.014123625
"November 13, 2021",Other,weighted,3,Other*,0.3-2.6%,0.010319050
"November 20, 2021",Other,weighted,3,Other*,0.4-3.7%,0.014113723
"November 27, 2021",Other,weighted,3,Other*,0.1-3.3%,0.009832516
"December 4, 2021",Other,weighted,3,Other*,0.1-0.8%,0.002851890
"December 11, 2021",Other,weighted,3,Other*,0.0-0.4%,0.001434380
"December 18, 2021",Other,weighted,3,Other*,0.1-1.1%,0.004030305
"December 25, 2021",Other,weighted,3,Other*,0.2-1.5%,0.005812609
"May 8, 2021",Other,weighted,4,Other*,97.3-98.9%,0.982021511
"May 15, 2021",Other,weighted,4,Other*,97.3-99.4%,0.986239195
"May 22, 2021",Other,weighted,4,Other*,96.5-98.8%,0.978394032
"May 29, 2021",Other,weighted,4,Other*,95.4-98.3%,0.971196592
"June 5, 2021",Other,weighted,4,Other*,91.1-96.2%,0.940380633
"June 12, 2021",Other,weighted,4,Other*,78.5-87.7%,0.834861696
"June 19, 2021",Other,weighted,4,Other*,70.0-78.8%,0.745745182
"June 26, 2021",Other,weighted,4,Other*,52.9-61.7%,0.573622465
"July 3, 2021",Other,weighted,4,Other*,30.9-41.1%,0.358948201
"July 10, 2021",Other,weighted,4,Other*,17.8-25.9%,0.216511533
"July 17, 2021",Other,weighted,4,Other*,10.4-16.8%,0.133641332
"July 24, 2021",Other,weighted,4,Other*,5.0-7.8%,0.062940516
"July 31, 2021",Other,weighted,4,Other*,2.8-5.7%,0.040246759
"August 7, 2021",Other,weighted,4,Other*,2.1-5.2%,0.034136005
"August 14, 2021",Other,weighted,4,Other*,0.9-2.4%,0.015018503
"August 21, 2021",Other,weighted,4,Other*,0.6-2.5%,0.013544505
"August 28, 2021",Other,weighted,4,Other*,0.7-2.9%,0.015220835
"September 4, 2021",Other,weighted,4,Other*,0.5-2.0%,0.010730996
"September 11, 2021",Other,weighted,4,Other*,0.4-1.8%,0.009002803
"September 18, 2021",Other,weighted,4,Other*,0.6-2.3%,0.012408090
"September 25, 2021",Other,weighted,4,Other*,0.6-1.9%,0.011251441
"October 2, 2021",Other,weighted,4,Other*,0.5-1.8%,0.010079918
"October 9, 2021",Other,weighted,4,Other*,0.6-2.0%,0.011908832
"October 16, 2021",Other,weighted,4,Other*,0.3-2.0%,0.008895988
"October 23, 2021",Other,weighted,4,Other*,0.7-3.2%,0.015793156
"October 30, 2021",Other,weighted,4,Other*,0.5-2.5%,0.012546577
"November 6, 2021",Other,weighted,4,Other*,1.1-4.1%,0.022685168
"November 13, 2021",Other,weighted,4,Other*,0.9-3.2%,0.017967481
"November 20, 2021",Other,weighted,4,Other*,0.9-4.1%,0.020747563
"November 27, 2021",Other,weighted,4,Other*,0.4-2.1%,0.009734090
"December 4, 2021",Other,weighted,4,Other*,0.0-1.2%,0.003274074
"December 11, 2021",Other,weighted,4,Other*,0.0-0.3%,0.000615347
"December 18, 2021",Other,weighted,4,Other*,0.2-1.0%,0.005013129
"December 25, 2021",Other,weighted,4,Other*,0.2-1.1%,0.005561914
"May 8, 2021",Other,weighted,5,Other*,98.5-99.4%,0.990643919
"May 15, 2021",Other,weighted,5,Other*,97.3-99.1%,0.983470559
"May 22, 2021",Other,weighted,5,Other*,95.2-98.5%,0.971707404
"May 29, 2021",Other,weighted,5,Other*,91.0-97.3%,0.947813809
"June 5, 2021",Other,weighted,5,Other*,83.4-95.4%,0.905775070
"June 12, 2021",Other,weighted,5,Other*,75.7-85.8%,0.811374307
"June 19, 2021",Other,weighted,5,Other*,58.9-77.2%,0.685927868
"June 26, 2021",Other,weighted,5,Other*,39.2-59.4%,0.492746592
"July 3, 2021",Other,weighted,5,Other*,27.3-39.3%,0.331102729
"July 10, 2021",Other,weighted,5,Other*,11.2-17.1%,0.139431462
"July 17, 2021",Other,weighted,5,Other*,7.5-13.8%,0.103246406
"July 24, 2021",Other,weighted,5,Other*,3.4-6.7%,0.048346363
"July 31, 2021",Other,weighted,5,Other*,2.0-3.4%,0.026179167
"August 7, 2021",Other,weighted,5,Other*,1.2-2.6%,0.017889420
"August 14, 2021",Other,weighted,5,Other*,0.5-1.4%,0.008393978
"August 21, 2021",Other,weighted,5,Other*,0.3-1.5%,0.007268370
"August 28, 2021",Other,weighted,5,Other*,0.6-2.4%,0.013044388
"September 4, 2021",Other,weighted,5,Other*,0.3-1.2%,0.006379728
"September 11, 2021",Other,weighted,5,Other*,0.3-1.2%,0.006900765
"September 18, 2021",Other,weighted,5,Other*,0.4-1.4%,0.007785922
"September 25, 2021",Other,weighted,5,Other*,0.3-1.2%,0.006008393
"October 2, 2021",Other,weighted,5,Other*,0.5-1.3%,0.008145608
"October 9, 2021",Other,weighted,5,Other*,0.4-1.2%,0.007425611
"October 16, 2021",Other,weighted,5,Other*,0.3-1.3%,0.007215232
"October 23, 2021",Other,weighted,5,Other*,0.5-1.8%,0.009847622
"October 30, 2021",Other,weighted,5,Other*,0.3-1.4%,0.006802549
"November 6, 2021",Other,weighted,5,Other*,0.6-2.6%,0.013372783
"November 13, 2021",Other,weighted,5,Other*,0.7-3.0%,0.015726516
"November 20, 2021",Other,weighted,5,Other*,0.9-3.3%,0.017808238
"November 27, 2021",Other,weighted,5,Other*,0.2-2.1%,0.008380745
"December 4, 2021",Other,weighted,5,Other*,0.1-0.6%,0.002308295
"December 11, 2021",Other,weighted,5,Other*,0.1-0.8%,0.003523084
"December 18, 2021",Other,weighted,5,Other*,0.4-0.9%,0.005781012
"December 25, 2021",Other,weighted,5,Other*,0.7-1.4%,0.010037675
"May 8, 2021",Other,weighted,6,Other*,96.3-98.7%,0.977164268
"May 15, 2021",Other,weighted,6,Other*,95.5-98.3%,0.971229017
"May 22, 2021",Other,weighted,6,Other*,91.8-96.3%,0.943338573
"May 29, 2021",Other,weighted,6,Other*,89.2-94.5%,0.921644866
"June 5, 2021",Other,weighted,6,Other*,77.1-85.0%,0.812694311
"June 12, 2021",Other,weighted,6,Other*,62.3-78.8%,0.710572183
"June 19, 2021",Other,weighted,6,Other*,52.7-70.4%,0.618184507
"June 26, 2021",Other,weighted,6,Other*,40.3-51.0%,0.456182599
"July 3, 2021",Other,weighted,6,Other*,25.7-35.8%,0.305699289
"July 10, 2021",Other,weighted,6,Other*,14.2-22.6%,0.180790126
"July 17, 2021",Other,weighted,6,Other*,11.5-19.2%,0.150566339
"July 24, 2021",Other,weighted,6,Other*,3.9-8.2%,0.057896163
"July 31, 2021",Other,weighted,6,Other*,2.7-4.1%,0.033336017
"August 7, 2021",Other,weighted,6,Other*,2.3-5.7%,0.036923088
"August 14, 2021",Other,weighted,6,Other*,1.0-2.0%,0.014087575
"August 21, 2021",Other,weighted,6,Other*,0.6-2.6%,0.013315192
"August 28, 2021",Other,weighted,6,Other*,0.9-6.2%,0.026725700
"September 4, 2021",Other,weighted,6,Other*,0.3-2.5%,0.010788274
"September 11, 2021",Other,weighted,6,Other*,0.4-2.6%,0.011324276
"September 18, 2021",Other,weighted,6,Other*,0.6-2.9%,0.014298251
"September 25, 2021",Other,weighted,6,Other*,0.3-3.0%,0.011808112
"October 2, 2021",Other,weighted,6,Other*,0.4-3.6%,0.014494875
"October 9, 2021",Other,weighted,6,Other*,0.4-2.5%,0.011363837
"October 16, 2021",Other,weighted,6,Other*,0.5-4.1%,0.017114682
"October 23, 2021",Other,weighted,6,Other*,0.4-5.2%,0.017916869
"October 30, 2021",Other,weighted,6,Other*,0.4-3.6%,0.014727631
"November 6, 2021",Other,weighted,6,Other*,0.7-6.1%,0.024402879
"November 13, 2021",Other,weighted,6,Other*,0.8-4.9%,0.022720478
"November 20, 2021",Other,weighted,6,Other*,1.0-5.3%,0.025066162
"November 27, 2021",Other,weighted,6,Other*,0.4-3.7%,0.014585200
"December 4, 2021",Other,weighted,6,Other*,0.0-0.9%,0.002370198
"December 11, 2021",Other,weighted,6,Other*,0.0-0.6%,0.001013533
"December 18, 2021",Other,weighted,6,Other*,0.1-1.1%,0.004154474
"December 25, 2021",Other,weighted,6,Other*,0.2-1.5%,0.006817464
"May 8, 2021",Other,weighted,7,Other*,97.3-99.9%,0.993548512
"May 15, 2021",Other,weighted,7,Other*,92.7-99.3%,0.972333848
"May 22, 2021",Other,weighted,7,Other*,69.8-94.6%,0.851469100
"May 29, 2021",Other,weighted,7,Other*,52.9-92.2%,0.765808523
"June 5, 2021",Other,weighted,7,Other*,38.2-68.7%,0.537212014
"June 12, 2021",Other,weighted,7,Other*,20.1-37.5%,0.282125682
"June 19, 2021",Other,weighted,7,Other*,10.3-37.1%,0.215178862
"June 26, 2021",Other,weighted,7,Other*,3.9-26.9%,0.122130297
"July 3, 2021",Other,weighted,7,Other*,1.8-14.1%,0.060016379
"July 10, 2021",Other,weighted,7,Other*,2.3-7.4%,0.043130025
"July 17, 2021",Other,weighted,7,Other*,1.3-7.3%,0.034060847
"July 24, 2021",Other,weighted,7,Other*,1.0-3.8%,0.020980105
"July 31, 2021",Other,weighted,7,Other*,1.0-4.6%,0.023439549
"August 7, 2021",Other,weighted,7,Other*,0.4-6.2%,0.020821074
"August 14, 2021",Other,weighted,7,Other*,0.0-1.0%,0.001571729
"August 21, 2021",Other,weighted,7,Other*,0.2-3.7%,0.011014892
"August 28, 2021",Other,weighted,7,Other*,0.5-3.5%,0.015128422
"September 4, 2021",Other,weighted,7,Other*,0.1-1.4%,0.005366800
"September 11, 2021",Other,weighted,7,Other*,0.3-1.9%,0.008931386
"September 18, 2021",Other,weighted,7,Other*,0.1-1.4%,0.004578465
"September 25, 2021",Other,weighted,7,Other*,0.2-3.4%,0.010295401
"October 2, 2021",Other,weighted,7,Other*,0.1-1.4%,0.004578804
"October 9, 2021",Other,weighted,7,Other*,0.1-1.5%,0.005695138
"October 16, 2021",Other,weighted,7,Other*,0.1-2.7%,0.007001335
"October 23, 2021",Other,weighted,7,Other*,0.4-3.2%,0.012962247
"October 30, 2021",Other,weighted,7,Other*,0.1-1.1%,0.004364474
"November 6, 2021",Other,weighted,7,Other*,0.4-2.5%,0.010870215
"November 13, 2021",Other,weighted,7,Other*,0.4-4.2%,0.015480824
"November 20, 2021",Other,weighted,7,Other*,0.7-4.2%,0.019265594
"November 27, 2021",Other,weighted,7,Other*,0.3-2.8%,0.010838655
"December 4, 2021",Other,weighted,7,Other*,0.0-0.7%,0.001940956
"December 11, 2021",Other,weighted,7,Other*,0.0-0.9%,0.001927121
"December 18, 2021",Other,weighted,7,Other*,0.2-1.5%,0.006833282
"December 25, 2021",Other,weighted,7,Other*,0.0-2.0%,0.004789551
"May 8, 2021",Other,weighted,8,Other*,95.1-98.1%,0.968651414
"May 15, 2021",Other,weighted,8,Other*,89.2-95.6%,0.928343296
"May 22, 2021",Other,weighted,8,Other*,88.9-93.9%,0.916692913
"May 29, 2021",Other,weighted,8,Other*,70.7-83.9%,0.778007090
"June 5, 2021",Other,weighted,8,Other*,57.8-75.6%,0.671442866
"June 12, 2021",Other,weighted,8,Other*,37.7-58.5%,0.480443299
"June 19, 2021",Other,weighted,8,Other*,27.0-52.9%,0.393735111
"June 26, 2021",Other,weighted,8,Other*,13.8-34.0%,0.227724791
"July 3, 2021",Other,weighted,8,Other*,9.8-18.9%,0.139067769
"July 10, 2021",Other,weighted,8,Other*,10.1-16.5%,0.130545408
"July 17, 2021",Other,weighted,8,Other*,4.5-10.0%,0.068814211
"July 24, 2021",Other,weighted,8,Other*,2.7-5.2%,0.038118821
"July 31, 2021",Other,weighted,8,Other*,2.1-4.3%,0.031064713
"August 7, 2021",Other,weighted,8,Other*,0.7-2.8%,0.014914960
"August 14, 2021",Other,weighted,8,Other*,0.7-3.3%,0.017015044
"August 21, 2021",Other,weighted,8,Other*,0.1-0.9%,0.003201143
"August 28, 2021",Other,weighted,8,Other*,0.1-2.3%,0.007323016
"September 4, 2021",Other,weighted,8,Other*,0.2-2.4%,0.008548874
"September 11, 2021",Other,weighted,8,Other*,0.1-1.7%,0.006105226
"September 18, 2021",Other,weighted,8,Other*,0.2-1.5%,0.005839553
"September 25, 2021",Other,weighted,8,Other*,0.1-1.4%,0.005158111
"October 2, 2021",Other,weighted,8,Other*,0.0-0.7%,0.002010954
"October 9, 2021",Other,weighted,8,Other*,0.1-2.1%,0.006913514
"October 16, 2021",Other,weighted,8,Other*,0.1-1.2%,0.004731231
"October 23, 2021",Other,weighted,8,Other*,0.1-2.0%,0.006452983
"October 30, 2021",Other,weighted,8,Other*,0.0-1.4%,0.003089823
"November 6, 2021",Other,weighted,8,Other*,0.1-2.6%,0.006913550
"November 13, 2021",Other,weighted,8,Other*,0.1-3.6%,0.009655590
"November 20, 2021",Other,weighted,8,Other*,0.1-4.2%,0.009476705
"November 27, 2021",Other,weighted,8,Other*,0.0-1.0%,0.001620807
"December 4, 2021",Other,weighted,8,Other*,0.0-0.2%,0.000256376
"December 11, 2021",Other,weighted,8,Other*,0.0-0.5%,0.001381292
"December 18, 2021",Other,weighted,8,Other*,0.0-0.8%,0.002635011
"December 25, 2021",Other,weighted,8,Other*,0.0-3.8%,0.005187180
"May 8, 2021",Other,weighted,9,Other*,94.7-98.5%,0.970285952
"May 15, 2021",Other,weighted,9,Other*,95.0-97.6%,0.964903295
"May 22, 2021",Other,weighted,9,Other*,94.1-97.9%,0.963484645
"May 29, 2021",Other,weighted,9,Other*,85.1-91.8%,0.887683332
"June 5, 2021",Other,weighted,9,Other*,69.4-87.4%,0.794148088
"June 12, 2021",Other,weighted,9,Other*,61.1-79.3%,0.707832098
"June 19, 2021",Other,weighted,9,Other*,48.3-62.1%,0.552926481
"June 26, 2021",Other,weighted,9,Other*,31.3-48.3%,0.395671129
"July 3, 2021",Other,weighted,9,Other*,20.6-34.8%,0.272318274
"July 10, 2021",Other,weighted,9,Other*,12.6-19.6%,0.158305332
"July 17, 2021",Other,weighted,9,Other*,8.5-12.0%,0.101536296
"July 24, 2021",Other,weighted,9,Other*,4.2-6.1%,0.050585050
"July 31, 2021",Other,weighted,9,Other*,2.6-4.2%,0.033671908
"August 7, 2021",Other,weighted,9,Other*,1.1-4.3%,0.022924392
"August 14, 2021",Other,weighted,9,Other*,0.7-1.5%,0.010105603
"August 21, 2021",Other,weighted,9,Other*,0.4-1.5%,0.007938566
"August 28, 2021",Other,weighted,9,Other*,0.1-3.3%,0.009852884
"September 4, 2021",Other,weighted,9,Other*,0.2-2.0%,0.007639954
"September 11, 2021",Other,weighted,9,Other*,0.2-0.9%,0.004126180
"September 18, 2021",Other,weighted,9,Other*,0.1-1.4%,0.004241057
"September 25, 2021",Other,weighted,9,Other*,0.0-2.5%,0.005353790
"October 2, 2021",Other,weighted,9,Other*,0.0-1.2%,0.003148666
"October 9, 2021",Other,weighted,9,Other*,0.2-2.5%,0.008890542
"October 16, 2021",Other,weighted,9,Other*,0.1-4.8%,0.012389660
"October 23, 2021",Other,weighted,9,Other*,0.1-3.0%,0.007321892
"October 30, 2021",Other,weighted,9,Other*,0.1-3.5%,0.007952666
"November 6, 2021",Other,weighted,9,Other*,0.1-4.6%,0.010797784
"November 13, 2021",Other,weighted,9,Other*,0.1-4.4%,0.012156986
"November 20, 2021",Other,weighted,9,Other*,0.1-5.0%,0.013370201
"November 27, 2021",Other,weighted,9,Other*,0.1-2.5%,0.006852345
"December 4, 2021",Other,weighted,9,Other*,0.0-0.3%,0.000578785
"December 11, 2021",Other,weighted,9,Other*,0.0-0.3%,0.001057756
"December 18, 2021",Other,weighted,9,Other*,0.0-0.7%,0.001753380
"December 25, 2021",Other,weighted,9,Other*,0.1-0.2%,0.001066080
"May 8, 2021",Other,weighted,10,Other*,95.4-99.7%,0.984987497
"May 15, 2021",Other,weighted,10,Other*,94.0-99.6%,0.978938222
"May 22, 2021",Other,weighted,10,Other*,92.2-99.3%,0.970509887
"May 29, 2021",Other,weighted,10,Other*,92.2-97.8%,0.955963969
"June 5, 2021",Other,weighted,10,Other*,83.8-95.6%,0.909155428
"June 12, 2021",Other,weighted,10,Other*,72.6-95.4%,0.869034708
"June 19, 2021",Other,weighted,10,Other*,67.3-89.9%,0.803615987
"June 26, 2021",Other,weighted,10,Other*,44.6-82.7%,0.654645741
"July 3, 2021",Other,weighted,10,Other*,34.6-57.1%,0.456898481
"July 10, 2021",Other,weighted,10,Other*,16.3-35.6%,0.250654101
"July 17, 2021",Other,weighted,10,Other*,9.2-20.3%,0.140504435
"July 24, 2021",Other,weighted,10,Other*,6.2-9.4%,0.076635748
"July 31, 2021",Other,weighted,10,Other*,2.8-5.1%,0.038241949
"August 7, 2021",Other,weighted,10,Other*,1.6-3.3%,0.023212167
"August 14, 2021",Other,weighted,10,Other*,0.8-1.5%,0.010980660
"August 21, 2021",Other,weighted,10,Other*,0.6-1.2%,0.008726829
"August 28, 2021",Other,weighted,10,Other*,0.2-1.2%,0.005673554
"September 4, 2021",Other,weighted,10,Other*,0.0-0.4%,0.001415380
"September 11, 2021",Other,weighted,10,Other*,0.2-1.2%,0.004965000
"September 18, 2021",Other,weighted,10,Other*,0.1-1.3%,0.005153326
"September 25, 2021",Other,weighted,10,Other*,0.0-0.6%,0.002036004
"October 2, 2021",Other,weighted,10,Other*,0.1-0.8%,0.003125703
"October 9, 2021",Other,weighted,10,Other*,0.1-1.3%,0.004646688
"October 16, 2021",Other,weighted,10,Other*,0.1-1.3%,0.004055629
"October 23, 2021",Other,weighted,10,Other*,0.0-1.4%,0.003228829
"October 30, 2021",Other,weighted,10,Other*,0.1-1.5%,0.005159670
"November 6, 2021",Other,weighted,10,Other*,0.0-0.5%,0.001342590
"November 13, 2021",Other,weighted,10,Other*,0.1-2.8%,0.007659129
"November 20, 2021",Other,weighted,10,Other*,0.1-2.1%,0.007027344
"November 27, 2021",Other,weighted,10,Other*,0.0-1.9%,0.003251977
"December 4, 2021",Other,weighted,10,Other*,0.0-0.4%,0.000626134
"December 11, 2021",Other,weighted,10,Other*,NA,0
"December 18, 2021",Other,weighted,10,Other*,0.2-1.0%,0.004641055
"December 25, 2021",Other,weighted,10,Other*,0.0-1.6%,0.001596602
"January 1, 2022",Other,smoothed,USA,Other*,0.0-0.1%,0.000711037
"January 8, 2022",Other,smoothed,USA,Other*,0.0-0.0%,0.000156750
"January 1, 2022",Other,smoothed,1,Other*,0.0-0.2%,0.000817274
"January 8, 2022",Other,smoothed,1,Other*,0.0-0.1%,0.000187827
"January 1, 2022",Other,smoothed,2,Other*,0.0-0.1%,0.000401788
"January 8, 2022",Other,smoothed,2,Other*,0.0-0.0%,8.294558211e-05
"January 1, 2022",Other,smoothed,3,Other*,0.0-0.2%,0.000694455
"January 8, 2022",Other,smoothed,3,Other*,0.0-0.1%,0.000151741
"January 1, 2022",Other,smoothed,4,Other*,0.0-0.1%,0.000614153
"January 8, 2022",Other,smoothed,4,Other*,0.0-0.0%,0.000128022
"January 1, 2022",Other,smoothed,5,Other*,0.1-0.2%,0.001181883
"January 8, 2022",Other,smoothed,5,Other*,0.0-0.1%,0.000262063
"January 1, 2022",Other,smoothed,6,Other*,0.0-0.2%,0.000526220
"January 8, 2022",Other,smoothed,6,Other*,0.0-0.0%,0.000108367
"January 1, 2022",Other,smoothed,7,Other*,0.1-0.7%,0.003247253
"January 8, 2022",Other,smoothed,7,Other*,0.0-0.2%,0.000911480
"January 1, 2022",Other,smoothed,8,Other*,0.0-0.8%,0.001190022
"January 8, 2022",Other,smoothed,8,Other*,0.0-0.2%,0.000285001
"January 1, 2022",Other,smoothed,9,Other*,0.0-0.3%,0.000539787
"January 8, 2022",Other,smoothed,9,Other*,0.0-0.1%,0.000114801
"January 1, 2022",Other,smoothed,10,Other*,0.0-0.1%,0.000321704
"January 8, 2022",Other,smoothed,10,Other*,0.0-0.0%,6.851818034e-05
